IdVenta,Fecha,Fecha_Entrega,IdCanal,IdCliente,IdSucursal,IdEmpleado,IdProducto,Precio,Cantidad
72,2018-08-22,2018-09-01,1,1185,13,1674,42779,9555.04,
86,2015-03-17,2015-03-20,3,3159,13,1674,42839,,2.0
105,2017-10-28,2017-11-02,3,1107,13,1674,42822,816.86,
114,2018-10-08,2018-10-13,3,1868,13,1674,42820,,3.0
154,2019-01-17,2019-01-21,3,1416,13,1674,42927,91.0,
181,2016-11-03,2016-11-08,3,102,13,1674,42964,,3.0
183,2016-11-28,2016-12-03,1,1426,13,1674,43016,454.0,
190,2017-10-03,2017-10-04,2,908,13,1674,42977,111.0,
200,2019-07-10,2019-07-15,1,564,13,1674,43012,,3.0
207,2020-02-03,2020-02-08,2,3053,13,1674,42963,2355.0,
224,2020-03-24,2020-03-29,2,3011,13,1674,43029,,2.0
229,2020-02-18,2020-02-21,1,1879,13,1674,42846,2846.58,
378,2016-11-23,2016-12-01,1,3172,13,1516,42948,,2.0
507,2015-06-09,2015-06-14,3,1088,13,1330,42800,,3.0
513,2016-08-12,2016-08-16,2,1719,13,1330,42774,6048.9,
521,2017-10-07,2017-10-12,1,1103,13,1330,42782,3373.92,
538,2019-10-05,2019-10-12,2,1597,13,1330,42770,3597.22,
541,2019-12-19,2019-12-26,2,1788,13,1330,42799,,2.0
571,2018-01-08,2018-01-09,3,741,13,1330,42862,512.0,
620,2017-09-14,2017-09-18,3,8,13,1330,42930,,2.0
722,2019-09-21,2019-09-22,3,2854,13,1657,42958,,2.0
755,2015-06-09,2015-06-14,2,1088,13,1657,42800,,2.0
762,2015-10-15,2015-10-22,3,3360,13,1657,42814,,3.0
776,2018-10-01,2018-10-05,2,932,13,1657,42796,,2.0
783,2019-11-05,2019-11-10,2,1417,13,1657,42737,,1.0
819,2018-08-03,2018-08-08,3,191,13,1657,42878,,1.0
855,2017-07-26,2017-07-29,3,566,13,1657,42939,2915.0,
864,2019-01-09,2019-01-12,2,3090,13,1657,42905,456.0,
871,2019-06-17,2019-06-24,2,1213,13,1657,42905,,3.0
907,2019-09-24,2019-09-29,1,2532,13,1657,43009,,1.0
943,2020-01-30,2020-01-31,2,1828,13,1658,42887,498.0,
1004,2018-12-01,2018-12-04,3,891,13,1658,42770,,3.0
1033,2016-11-09,2016-11-12,3,453,13,1658,42845,,2.0
1040,2017-07-11,2017-07-14,1,1111,13,1658,42858,,2.0
1092,2017-12-02,2017-12-07,1,2700,13,1658,42931,,1.0
1165,2018-07-28,2018-07-31,1,2861,13,1658,43028,942.0,
1244,2016-06-24,2016-06-29,2,2611,1,1695,42769,3039.08,
1257,2017-10-05,2017-10-10,1,2631,1,1695,42801,,2.0
1280,2015-02-02,2015-02-07,1,1105,1,1695,42877,,3.0
1287,2015-08-03,2015-08-07,3,675,1,1695,42873,,2.0
1322,2020-05-21,2020-05-25,2,92,1,1695,42828,906.18,
1326,2015-09-03,2015-09-04,1,2318,1,1695,42924,625.0,
1373,2015-05-05,2015-05-10,2,920,1,1695,42975,215.0,
1543,2019-07-10,2019-07-14,2,423,1,1285,42811,2559.92,
1567,2017-04-22,2017-04-27,2,595,1,1285,42857,,2.0
1677,2017-12-25,2017-12-29,1,572,1,1285,43012,,1.0
1735,2020-01-20,2020-01-21,2,901,1,1285,42855,,2.0
1756,2015-02-09,2015-02-12,3,564,1,1284,43012,,3.0
1760,2015-12-29,2016-01-07,3,1813,1,1284,42774,,2.0
1766,2019-11-05,2019-11-11,2,12,1,1284,42794,,3.0
1785,2018-11-02,2018-11-05,2,1215,1,1284,43018,437.0,
1790,2015-05-11,2015-05-13,3,1542,1,1284,42779,9555.04,
1817,2018-10-19,2018-10-21,1,577,1,1284,42784,1748.78,
1825,2020-04-15,2020-04-16,1,345,1,1284,42819,860.42,
1855,2018-12-15,2018-12-19,3,3029,1,1284,42871,,2.0
1865,2020-01-01,2020-01-03,2,697,1,1284,42876,560.0,
1866,2020-01-09,2020-01-13,1,2967,1,1284,42858,,2.0
1875,2015-07-04,2015-07-09,2,1063,1,1284,42919,,2.0
1902,2018-07-06,2018-07-09,2,387,1,1284,42904,,2.0
1969,2019-08-07,2019-08-08,2,124,1,1284,42966,341500.0,
1973,2019-12-17,2019-12-18,2,564,1,1284,42990,353.0,
1984,2016-02-18,2016-02-21,3,3406,1,1284,43032,,10.0
1994,2018-10-20,2018-10-25,2,2910,1,1284,43019,,3.0
2019,2017-07-12,2017-07-15,3,332,1,1674,42864,,1.0
2043,2015-03-03,2015-03-12,2,996,1,1674,42872,,1.0
2057,2018-06-02,2018-06-10,2,1041,1,1674,42958,3763.0,
2065,2015-05-11,2015-05-13,3,1542,1,1674,42779,9555.04,
2069,2015-11-04,2015-11-08,2,990,1,1674,42781,,3.0
2071,2016-01-30,2016-01-31,2,1344,1,1674,42787,1366.42,
2090,2019-01-09,2019-01-14,3,2710,1,1674,42765,1938.42,
2099,2020-03-31,2020-04-03,3,607,1,1674,42762,,3.0
2122,2017-04-15,2017-04-19,3,2882,1,1674,42839,,3.0
2137,2019-01-23,2019-01-31,1,2277,1,1674,42877,,2.0
2162,2016-05-16,2016-05-21,1,2300,1,1674,42934,1789.0,
2168,2017-01-13,2017-01-21,3,1672,1,1674,42900,245.0,
2189,2019-03-28,2019-03-29,3,175,1,1674,42886,,2.0
2199,2020-05-14,2020-05-17,1,1166,1,1674,42898,515.0,
2215,2016-04-30,2016-05-05,2,2999,1,1674,42963,,3.0
2233,2018-09-10,2018-09-18,1,1255,1,1674,42965,2281.0,
2238,2019-08-19,2019-08-26,1,1380,1,1674,42953,,2.0
2283,2020-02-25,2020-03-04,2,188,1,1977,42757,1784.42,
2298,2020-04-14,2020-04-15,2,2305,1,1977,42936,3549.0,
2306,2016-05-09,2016-05-18,2,2707,1,1977,42763,2118.38,
2310,2019-09-16,2019-09-25,2,105,1,1977,42785,,3.0
2314,2016-10-19,2016-10-25,3,2898,1,1977,42846,,1.0
2331,2018-08-11,2018-08-17,3,2246,1,1977,42998,529.0,
2369,2019-01-26,2019-01-31,2,2768,1,1977,42817,,2.0
2399,2017-09-06,2017-09-08,2,1109,1,1977,42866,19900.0,
2414,2019-10-28,2019-11-02,2,3367,1,1977,42868,199.0,
2433,2016-04-23,2016-04-30,3,388,1,1977,42921,,2.0
2451,2018-11-14,2018-11-19,2,380,1,1977,42918,,1.0
2510,2020-03-12,2020-03-22,2,852,1,1977,42969,,2.0
2539,2020-03-10,2020-03-13,2,3236,1,1977,42813,,1.0
2545,2017-06-22,2017-06-25,1,324,1,1725,42798,,2.0
2589,2019-09-06,2019-09-09,1,1279,1,1725,42937,2458.0,
2618,2017-09-06,2017-09-07,1,1428,1,1725,42771,,2.0
2635,2020-03-23,2020-03-30,2,2335,1,1725,42772,,2.0
2644,2016-04-27,2016-05-07,1,1531,1,1725,42863,39800.0,
2682,2015-05-06,2015-05-16,3,538,1,1725,42920,,2.0
2685,2015-08-27,2015-09-03,3,2295,1,1725,42889,515.0,
2688,2016-01-06,2016-01-13,2,2938,1,1725,42931,324.0,
2690,2016-04-23,2016-04-30,2,388,1,1725,42921,,1.0
2704,2017-08-01,2017-08-04,1,2668,1,1725,42893,,2.0
2744,2016-04-30,2016-05-05,3,2999,1,1725,42963,,2.0
2762,2018-06-14,2018-06-22,1,2090,1,1725,42953,3620.0,
2766,2018-10-04,2018-10-09,2,2724,1,1725,42974,214.0,
2787,2017-09-15,2017-09-18,1,2271,1,1725,43041,,2.0
2827,2018-11-06,2018-11-14,2,2814,1,1675,43028,,1.0
2840,2015-02-20,2015-02-23,3,2749,1,1675,42881,498.0,
2887,2018-06-08,2018-06-18,1,994,1,1675,42754,,3.0
2893,2018-12-21,2018-12-22,2,7,1,1675,42787,1366.42,
2899,2020-05-05,2020-05-15,2,158,1,1675,42785,1597.42,
2910,2015-12-07,2015-12-10,3,580,1,1675,42826,537.24,
2919,2016-10-21,2016-10-24,3,1427,1,1675,42840,,2.0
2931,2018-11-02,2018-11-09,1,216,1,1675,42868,199.0,
2952,2016-04-29,2016-05-02,2,2237,1,1675,42933,,1.0
3067,2020-01-04,2020-01-06,3,1337,1,1675,42844,1810.38,
3082,2018-02-05,2018-02-08,3,893,1,1968,42854,1115.0,
3108,2017-07-18,2017-07-27,3,632,1,1968,42823,,2.0
3173,2019-08-29,2019-09-02,1,2273,1,1968,42766,7011.62,
3212,2020-02-03,2020-02-07,2,2709,1,1968,42838,897.38,
3249,2018-03-09,2018-03-13,3,273,1,1968,42890,,2.0
3314,2020-02-22,2020-02-29,2,2122,1,1968,43007,,2.0
3360,2015-09-04,2015-09-07,3,1221,14,1294,43015,,2.0
3384,2015-11-16,2015-11-22,3,1399,14,1294,42915,,1.0
3389,2019-11-23,2019-11-29,3,3388,14,1294,42949,,3.0
3392,2017-01-27,2017-02-04,2,2662,14,1294,43000,,2.0
3401,2018-11-24,2018-12-03,2,3399,14,1294,43041,,2.0
3417,2017-07-31,2017-08-05,3,778,14,1294,42785,1597.42,
3424,2019-02-23,2019-03-03,2,1173,14,1294,42767,3485.68,
3437,2016-01-22,2016-01-27,3,1631,14,1294,42852,152.0,
3440,2016-03-21,2016-03-31,3,1426,14,1294,42849,1542.0,
3452,2018-01-09,2018-01-14,3,2861,14,1294,42822,,2.0
3462,2019-07-16,2019-07-18,2,239,14,1294,42867,,2.0
3500,2019-03-14,2019-03-18,2,1487,14,1294,42933,,2.0
3537,2019-11-08,2019-11-10,2,1341,14,1294,42965,228100.0,
3552,2020-01-23,2020-01-28,2,508,14,1294,42813,377.96,
3556,2020-05-14,2020-05-19,2,732,14,1294,42789,218.02,
3565,2017-08-17,2017-08-25,2,323,14,1428,42908,,2.0
3585,2015-09-05,2015-09-13,2,490,14,1428,42860,,1.0
3586,2016-05-18,2016-05-21,3,764,14,1428,42858,50500.0,
3598,2020-03-24,2020-04-02,2,548,14,1428,42899,199.0,
3631,2018-02-17,2018-02-22,1,1056,14,1428,42773,,2.0
3724,2015-04-06,2015-04-11,3,2713,14,1428,42961,2867.0,
3729,2015-11-07,2015-11-15,3,631,14,1428,43016,,
3731,2016-01-23,2016-01-31,1,884,14,1428,42965,2281.0,
3739,2016-10-18,2016-10-23,1,3271,14,1428,42966,,1.0
3890,2015-03-09,2015-03-14,1,732,14,1814,42940,2162.0,
3892,2015-04-06,2015-04-11,3,1095,14,1814,42927,,2.0
3904,2016-04-23,2016-04-27,3,1336,14,1814,42887,498.0,
3929,2019-04-15,2019-04-16,3,1704,14,1814,42904,,2.0
3940,2015-11-07,2015-11-15,3,631,14,1814,43016,,2.0
3956,2017-07-13,2017-07-15,3,1318,14,1814,42995,,2.0
3979,2015-12-02,2015-12-05,3,345,14,1814,43025,,2.0
3980,2016-05-23,2016-05-25,2,1633,14,1814,43020,562.0,
3999,2020-04-13,2020-04-15,2,864,14,1814,42793,871.86,
4040,2019-11-23,2019-11-29,2,3388,14,1978,42949,,2.0
4059,2016-02-08,2016-02-16,3,877,14,1978,42776,,2.0
4083,2015-08-26,2015-09-05,3,893,14,1978,42864,199.0,
4104,2019-04-25,2019-05-05,3,1776,14,1978,42831,369.6,
4129,2016-10-31,2016-11-05,1,2890,14,1978,42930,156.0,
4166,2016-01-23,2016-01-31,3,884,14,1978,42965,2281.0,
4291,2016-02-08,2016-02-16,1,877,14,1530,42776,1423.4,
4315,2020-01-31,2020-02-10,2,3264,14,1530,42793,871.86,
4347,2019-11-07,2019-11-08,2,2855,14,1530,42821,,2.0
4367,2016-03-09,2016-03-14,1,425,14,1530,42914,,2.0
4376,2017-02-23,2017-02-28,1,112,14,1530,42920,,3.0
4400,2015-09-30,2015-10-04,3,887,14,1530,42985,1456.0,
4405,2016-02-01,2016-02-04,3,3007,14,1530,42993,,2.0
4407,2016-03-05,2016-03-07,3,749,14,1530,42956,,3.0
4450,2018-11-10,2018-11-15,1,1137,14,1530,43024,508.0,
4475,2019-06-10,2019-06-13,3,2673,14,1152,42944,,3.0
4486,2018-06-13,2018-06-19,2,1339,14,1152,42785,1597.42,
4501,2019-02-02,2019-02-11,3,2620,14,1152,42911,1789.0,
4512,2019-07-19,2019-07-28,2,619,14,1152,43021,,2.0
4518,2016-09-27,2016-10-05,1,3022,14,1152,42773,,3.0
4531,2019-03-01,2019-03-05,3,47,14,1152,42787,1366.42,
4576,2020-02-22,2020-02-26,2,997,14,1152,42871,560.0,
4661,2015-11-14,2015-11-21,1,453,14,1152,43022,,1.0
4708,2019-12-27,2019-12-30,3,1655,2,1079,42800,,
4711,2015-12-29,2016-01-07,3,1774,2,1079,42866,,2.0
4782,2020-05-11,2020-05-16,1,1959,2,1079,42799,1536.04,
4783,2015-01-13,2015-01-15,1,2713,2,1079,42866,,2.0
4935,2019-06-24,2019-06-26,2,1916,2,1079,43002,,2.0
4943,2015-03-11,2015-03-18,1,598,2,1079,43042,1121.0,
4949,2017-04-28,2017-04-30,1,1510,2,1079,43024,508.0,
4972,2020-05-06,2020-05-11,2,1793,2,1079,42959,,1.0
5004,2019-09-06,2019-09-09,2,1318,2,1676,42846,,2.0
5049,2017-10-24,2017-10-29,1,2690,2,1676,42777,,3.0
5068,2019-12-09,2019-12-13,2,841,2,1676,42762,2106.06,
5078,2016-01-20,2016-01-24,3,1217,2,1676,42857,542.0,
5086,2016-11-15,2016-11-19,3,1988,2,1676,42879,,1.0
5098,2018-05-16,2018-05-20,3,726,2,1676,42876,560.0,
5112,2019-05-20,2019-05-25,2,940,2,1676,42853,,2.0
5131,2015-04-11,2015-04-18,1,3005,2,1676,42934,1789.0,
5186,2019-08-29,2019-08-30,2,2843,2,1676,42928,123.0,
5223,2018-07-12,2018-07-13,2,1776,2,1676,43001,,2.0
5231,2019-06-10,2019-06-13,3,2340,2,1676,43014,502.0,
5232,2019-06-18,2019-06-25,1,2108,2,1676,42966,,2.0
5265,2020-01-09,2020-01-16,2,2579,2,1676,42771,,3.0
5266,2020-01-03,2020-01-05,2,1432,2,1676,42918,,20.0
5267,2020-01-20,2020-01-30,2,2081,2,1676,42979,,1.0
5299,2016-07-11,2016-07-12,3,1272,2,1290,42968,,2.0
5390,2015-05-08,2015-05-16,3,1089,2,1290,42854,1115.0,
5406,2017-03-21,2017-03-26,3,379,2,1290,42856,,2.0
5465,2017-05-05,2017-05-09,1,2887,2,1290,42898,,3.0
5488,2019-06-05,2019-06-10,2,2742,2,1290,42923,753.0,
5545,2019-12-05,2019-12-13,3,3405,2,1290,43012,510.0,
5561,2020-02-11,2020-02-15,1,190,2,1290,43038,1163.0,
5570,2020-01-11,2020-01-18,2,779,2,1290,42947,,3.0
5577,2020-04-03,2020-04-12,2,2694,2,1290,42946,,2.0
5625,2018-01-20,2018-01-28,3,71,2,1961,42911,1789.0,
5671,2019-01-25,2019-01-27,2,3050,2,1961,42810,,3.0
5693,2015-11-24,2015-11-28,1,1076,2,1961,42869,,1.0
5722,2018-07-24,2018-07-27,2,487,2,1961,42835,,1.0
5727,2019-04-05,2019-04-15,2,1729,2,1961,42859,610.0,
5739,2019-12-09,2019-12-11,2,1633,2,1961,42854,,2.0
5741,2019-12-28,2019-12-31,3,315,2,1961,42820,652.74,
5752,2015-08-25,2015-08-30,3,1195,2,1961,42926,,2.0
5782,2018-05-17,2018-05-21,1,685,2,1961,42888,498.0,
5788,2018-11-02,2018-11-09,1,607,2,1961,42906,321.0,
5803,2019-11-15,2019-11-19,3,2762,2,1961,42897,515.0,
5807,2020-01-17,2020-01-22,2,554,2,1961,42914,1489.0,
5856,2020-02-21,2020-02-22,2,1008,2,1961,42981,,2.0
5884,2020-03-06,2020-03-11,2,2661,2,1961,42856,481.0,
5899,2015-02-05,2015-02-13,1,520,2,1675,42949,,1.0
5941,2018-06-16,2018-06-22,1,1828,2,1675,42953,3620.0,
5994,2015-01-14,2015-01-18,2,1327,2,1675,42870,178.0,
5999,2016-01-04,2016-01-09,1,1723,2,1675,42876,560.0,
6060,2016-01-02,2016-01-06,3,1128,2,1675,42891,,1.0
6089,2017-12-11,2017-12-16,3,1051,2,1675,42912,1654.0,
6115,2020-04-21,2020-04-26,2,815,2,1675,42889,515.0,
6121,2015-05-13,2015-05-18,3,2849,2,1675,42983,354.0,
6195,2020-04-28,2020-05-03,2,1984,2,1675,42886,,2.0
6240,2019-09-06,2019-09-09,2,1318,2,1368,42846,2846.58,
6248,2017-05-31,2017-06-03,2,1715,2,1368,42901,,2.0
6249,2018-01-20,2018-01-28,3,71,2,1368,42911,,2.0
6260,2019-01-09,2019-01-15,2,3050,2,1368,42989,,2.0
6292,2019-02-15,2019-02-20,1,2820,2,1368,42757,1784.42,
6353,2019-09-02,2019-09-07,1,3365,2,1368,42877,,2.0
6357,2020-05-23,2020-05-24,2,398,2,1368,42851,137.0,
6363,2015-04-20,2015-04-25,2,1254,2,1368,42910,,3.0
6404,2018-10-15,2018-10-22,2,118,2,1368,42940,,3.0
6437,2016-11-25,2016-11-30,3,321,2,1368,42966,,2.0
6470,2019-08-26,2019-08-31,2,850,2,1368,43000,,2.0
6501,2020-04-28,2020-05-08,3,725,2,1368,42786,,2.0
6534,2015-10-09,2015-10-15,3,1343,15,1011,42828,906.18,
6542,2018-04-07,2018-04-16,1,1295,15,1011,42910,1502.0,
6567,2018-07-18,2018-07-23,1,1830,15,1011,42769,3039.08,
6586,2016-01-19,2016-01-23,1,1138,15,1011,42873,560.0,
6590,2016-04-11,2016-04-16,3,1834,15,1011,42839,353.32,
6597,2017-01-04,2017-01-05,3,2740,15,1011,42846,2846.58,
6599,2017-03-22,2017-03-23,3,952,15,1011,42832,,1.0
6605,2017-08-17,2017-08-22,3,1861,15,1011,42862,,2.0
6723,2018-12-18,2018-12-23,2,243,15,1011,43021,,1.0
6753,2017-06-09,2017-06-17,2,961,15,1359,43028,,2.0
6794,2016-07-12,2016-07-19,3,326,15,1359,42777,,3.0
6803,2018-01-10,2018-01-15,2,1341,15,1359,42798,,3.0
6837,2016-10-08,2016-10-15,2,897,15,1359,42884,,30.0
6842,2017-03-27,2017-03-28,2,3366,15,1359,42820,,3.0
6848,2017-08-17,2017-08-22,2,1861,15,1359,42862,512.0,
6872,2016-03-18,2016-03-26,1,886,15,1359,42935,2456.0,
6888,2019-03-13,2019-03-14,1,1830,15,1359,42914,1489.0,
6892,2019-12-25,2019-12-30,1,62,15,1359,42913,,2.0
6896,2020-04-01,2020-04-05,2,1052,15,1359,42916,1356.0,
6920,2017-09-18,2017-09-23,1,1003,15,1359,42991,438.0,
6937,2020-03-14,2020-03-22,1,1335,15,1359,42998,529.0,
6977,2017-02-13,2017-02-16,1,211,15,1724,43009,563.0,
7000,2019-06-27,2019-07-03,3,2800,15,1724,42893,515.0,
7002,2015-02-11,2015-02-19,1,3142,15,1724,43014,,3.0
7048,2019-05-11,2019-05-16,2,2932,15,1724,42777,2557.5,
7064,2016-03-03,2016-03-07,3,2979,15,1724,42883,498.0,
7086,2018-11-13,2018-11-18,2,422,15,1724,42844,,1.0
7106,2017-10-21,2017-10-28,1,1829,15,1724,42937,2458.0,
7118,2019-10-31,2019-11-05,2,60,15,1724,42915,1765.0,
7130,2015-11-07,2015-11-14,1,466,15,1724,42955,,20.0
7149,2017-12-02,2017-12-03,2,1100,15,1724,43001,,2.0
7163,2019-07-06,2019-07-10,2,3238,15,1724,42965,2281.0,
7176,2016-06-24,2016-06-28,2,2970,15,1724,43026,530.0,
7255,2018-06-22,2018-06-26,2,888,15,1923,42781,2098.8,
7274,2015-12-01,2015-12-06,2,1881,15,1923,42836,823.24,
7293,2017-10-09,2017-10-12,2,822,15,1923,42861,542.0,
7325,2016-07-14,2016-07-17,3,2755,15,1923,42892,515.0,
7340,2019-03-13,2019-03-14,2,1830,15,1923,42914,,2.0
7386,2018-09-15,2018-09-23,2,2805,15,1923,42957,2789.0,
7453,2019-08-02,2019-08-08,3,2991,15,1794,42764,1385.78,
7486,2016-07-12,2016-07-19,3,326,15,1794,42777,2557.5,
7523,2016-03-18,2016-03-23,3,1774,15,1794,42854,,2.0
7540,2018-02-17,2018-02-20,2,1169,15,1794,42877,560.0,
7620,2019-02-13,2019-02-16,1,96,15,1794,42996,518.0,
7674,2019-08-02,2019-08-08,2,2991,15,1558,42764,1385.78,
7686,2015-08-21,2015-08-30,3,1459,15,1558,43000,,2.0
7693,2015-01-10,2015-01-11,1,540,15,1558,42795,,2.0
7742,2016-09-09,2016-09-14,3,2787,15,1558,42824,584.76,
7745,2016-10-27,2016-11-03,3,1350,15,1558,42860,587.0,
7787,2016-05-11,2016-05-12,1,1731,15,1558,42940,2162.0,
7813,2019-10-31,2019-11-05,2,60,15,1558,42915,,1.0
7843,2017-02-21,2017-03-01,1,2651,15,1558,42996,,2.0
7850,2018-02-12,2018-02-13,2,1312,15,1558,42995,,2.0
7858,2018-09-20,2018-09-21,1,327,15,1558,43014,502.0,
7896,2020-03-17,2020-03-19,2,1643,15,1558,42924,625.0,
7910,2015-03-14,2015-03-20,1,849,15,1949,42799,1536.04,
7931,2015-02-23,2015-02-26,3,2687,15,1949,42978,112.0,
7940,2015-08-10,2015-08-18,3,1369,15,1949,42763,,1.0
8002,2019-02-15,2019-02-17,1,3063,15,1949,42819,860.42,
8030,2018-08-24,2018-09-03,2,1100,15,1949,42906,,1.0
8121,2017-10-24,2017-10-25,3,2831,15,1311,42887,498.0,
8176,2017-11-30,2017-12-05,1,843,15,1311,42762,,1.0
8204,2016-05-23,2016-05-24,1,1601,15,1311,42870,,2.0
8212,2017-07-26,2017-07-30,3,1139,15,1311,42831,369.6,
8277,2019-03-27,2019-04-01,1,2837,15,1311,42890,515.0,
8278,2019-06-22,2019-06-25,2,2968,15,1311,42949,,1.0
8360,2016-09-02,2016-09-03,2,1270,3,1950,42769,3039.08,
8373,2017-12-11,2017-12-14,2,687,3,1950,42898,515.0,
8413,2015-03-31,2015-04-03,1,500,3,1950,43035,1159.0,
8433,2016-10-27,2016-10-31,3,2214,3,1950,42786,795.74,
8514,2020-01-21,2020-01-24,1,1998,3,1950,42855,,2.0
8544,2018-11-14,2018-11-17,2,2909,3,1950,42899,199.0,
8603,2019-10-28,2019-11-04,1,2109,3,1950,42996,518.0,
8604,2019-10-31,2019-11-05,3,2736,3,1950,42993,507.0,
8605,2020-01-15,2020-01-16,3,885,3,1950,42997,485.0,
8621,2018-02-21,2018-02-25,2,1247,3,1950,43038,,1.0
8720,2018-03-20,2018-03-27,1,2881,3,1068,42764,,2.0
8732,2019-02-08,2019-02-15,3,153,3,1068,42811,,2.0
8775,2018-06-16,2018-06-17,1,2671,3,1068,42856,481.0,
8814,2017-12-25,2017-12-29,2,47,3,1068,42903,,2.0
8849,2015-04-17,2015-04-18,3,705,3,1068,42956,2093.0,
8867,2017-07-22,2017-07-27,2,819,3,1068,43017,,1.0
8870,2017-10-16,2017-10-17,2,1913,3,1068,43010,,3.0
8913,2020-05-02,2020-05-08,2,1745,3,1068,42897,515.0,
8915,2020-01-07,2020-01-09,2,1189,3,1068,42980,,2.0
8916,2020-02-10,2020-02-15,2,229,3,1068,43002,,2.0
8992,2016-12-15,2016-12-18,1,593,3,1012,42788,421.96,
9018,2020-01-15,2020-01-18,2,406,3,1012,42766,,1.0
9067,2019-03-14,2019-03-21,2,585,3,1012,42864,19900.0,
9084,2015-08-28,2015-09-02,3,1600,3,1012,42943,,2.0
9169,2015-01-24,2015-01-28,1,1025,3,1012,43020,562.0,
9238,2017-12-12,2017-12-20,2,51,4,1301,42773,8703.64,
9266,2017-10-31,2017-11-06,3,1439,4,1301,43029,,2.0
9314,2020-02-14,2020-02-21,1,2041,4,1301,42767,,1.0
9328,2016-04-23,2016-04-27,3,1458,4,1301,42846,,3.0
9339,2017-03-08,2017-03-15,2,1696,4,1301,42877,,2.0
9347,2018-05-19,2018-05-24,1,1239,4,1301,42834,818.84,
9360,2020-02-10,2020-02-11,2,1103,4,1301,42819,,2.0
9426,2016-05-31,2016-06-01,1,2193,4,1301,42985,1456.0,
9497,2019-03-25,2019-03-28,3,2261,4,1556,42779,,3.0
9498,2015-02-24,2015-03-04,2,608,4,1556,42832,,2.0
9512,2015-05-27,2015-05-30,2,1745,4,1556,43043,1159.0,
9539,2015-08-14,2015-08-20,2,1227,4,1556,42995,364.0,
9588,2019-01-26,2019-01-31,2,666,4,1556,42788,421.96,
9590,2019-06-18,2019-06-23,2,3027,4,1556,42785,,2.0
9620,2017-05-16,2017-05-18,1,809,4,1556,42859,,3.0
9636,2020-02-10,2020-02-11,2,1103,4,1556,42819,,2.0
9684,2019-12-23,2019-12-30,2,1295,4,1556,42888,,1.0
9701,2016-05-31,2016-06-01,2,2193,4,1556,42985,,3.0
9723,2018-09-12,2018-09-13,3,2128,4,1556,42968,,3.0
9760,2019-01-26,2019-01-31,3,1375,4,1556,43034,1004.0,
9764,2020-05-30,2020-06-04,2,1476,4,1556,43031,,2.0
9796,2018-11-10,2018-11-18,3,1565,4,1933,42867,,2.0
9830,2017-06-29,2017-07-08,1,544,4,1933,42915,,1.0
9842,2016-08-04,2016-08-13,1,509,4,1933,43040,,1.0
9856,2016-09-21,2016-09-29,3,1459,4,1933,42765,1938.42,
9887,2019-12-20,2019-12-27,3,1379,4,1933,42784,,1.0
9897,2015-08-25,2015-08-30,3,3388,4,1933,42850,279.0,
9937,2015-01-10,2015-01-15,3,586,4,1933,42945,,2.0
9950,2016-06-25,2016-06-28,3,2699,4,1933,42899,199.0,
9991,2016-05-31,2016-06-01,3,2193,4,1933,42985,1456.0,
10047,2020-05-18,2020-05-20,2,1100,4,1933,42942,,1.0
10084,2017-07-06,2017-07-09,3,1911,4,1333,42766,,2.0
10110,2019-10-07,2019-10-16,2,932,4,1333,43014,502.0,
10145,2018-07-18,2018-07-20,2,330,4,1333,42755,1079.32,
10152,2019-05-14,2019-05-16,1,1138,4,1333,42801,2802.8,
10178,2016-10-14,2016-10-17,3,3096,4,1333,42880,,2.0
10191,2017-12-01,2017-12-02,3,644,4,1333,42873,,2.0
10233,2018-05-04,2018-05-07,3,1318,4,1333,42918,789.0,
10257,2016-05-31,2016-06-01,3,2193,4,1333,42985,1456.0,
10262,2017-06-05,2017-06-10,3,2266,4,1333,42992,570.0,
10281,2019-02-07,2019-02-14,2,1148,4,1333,42954,2554.0,
10407,2016-04-14,2016-04-19,3,2707,4,1510,42814,369.82,
10476,2019-09-05,2019-09-09,1,1765,4,1510,42870,178.0,
10505,2017-06-16,2017-06-21,3,433,4,1510,42903,269.0,
10507,2017-09-18,2017-09-23,1,2089,4,1510,42914,,2.0
10517,2018-10-15,2018-10-22,2,559,4,1510,42901,196.0,
10521,2019-02-07,2019-02-12,2,1878,4,1510,42909,,2.0
10544,2016-08-23,2016-08-28,3,129,4,1510,42975,215.0,
10586,2016-11-19,2016-11-24,2,556,4,1510,43023,643.0,
10659,2018-11-21,2018-11-30,1,3232,4,1574,42958,3763.0,
10685,2016-07-13,2016-07-17,3,1412,4,1574,42737,,2.0
10694,2017-08-30,2017-09-06,2,1420,4,1574,42760,,3.0
10799,2018-12-10,2018-12-14,2,1242,4,1574,42950,2603.0,
10803,2019-04-05,2019-04-06,2,1912,4,1574,42920,,1.0
10811,2019-12-28,2019-12-31,1,260,4,1574,42924,625.0,
10813,2020-03-13,2020-03-17,2,1003,4,1574,42931,324.0,
10834,2016-09-12,2016-09-17,3,50,4,1574,42967,3365.0,
10835,2016-09-15,2016-09-18,1,1550,4,1574,42976,,2.0
10845,2018-05-04,2018-05-11,2,3210,4,1574,42956,,1.0
10849,2018-09-14,2018-09-18,1,1402,4,1574,42972,2741.0,
10854,2019-03-22,2019-03-24,1,1608,4,1574,42961,2867.0,
10860,2019-09-28,2019-10-03,3,949,4,1574,42966,,3.0
10870,2016-11-19,2016-11-24,1,556,4,1574,43023,,2.0
10891,2020-05-23,2020-05-30,2,1575,4,1574,42764,1385.78,
10939,2016-10-24,2016-11-01,3,1588,4,1360,42837,,2.0
10972,2015-11-27,2015-12-07,3,1184,4,1360,42770,,3.0
11013,2015-07-02,2015-07-06,1,369,4,1360,42865,,3.0
11019,2016-03-09,2016-03-14,3,2278,4,1360,42850,279.0,
11022,2016-07-09,2016-07-10,3,2033,4,1360,42876,560.0,
11159,2016-10-21,2016-10-26,3,1841,4,1360,43030,1175.0,
11191,2018-11-10,2018-11-18,2,1604,5,1329,42783,,2.0
11222,2018-12-26,2019-01-04,2,2299,5,1329,42866,,2.0
11247,2015-12-17,2015-12-22,3,353,5,1329,42756,638.66,
11263,2017-10-20,2017-10-24,3,206,5,1329,42775,,1.0
11266,2017-11-15,2017-11-20,1,1072,5,1329,42791,,2.0
11287,2020-02-26,2020-02-27,2,3379,5,1329,42797,,2.0
11294,2015-08-29,2015-09-03,3,1249,5,1329,42829,,2.0
11299,2016-03-23,2016-03-31,3,1979,5,1329,42882,,2.0
11381,2015-06-16,2015-06-20,2,315,5,1329,42959,4141.0,
11393,2016-06-01,2016-06-08,3,1127,5,1329,42979,,1.0
11407,2018-01-25,2018-02-01,3,3322,5,1329,42956,,2.0
11416,2019-02-19,2019-02-24,2,226,5,1329,42956,2093.0,
11428,2015-07-03,2015-07-11,1,2331,5,1329,43020,,2.0
11437,2018-11-01,2018-11-09,3,3137,5,1329,43027,,1.0
11451,2020-01-02,2020-01-05,2,1886,5,1329,42886,498.0,
11458,2020-05-02,2020-05-04,2,1433,5,1329,42845,,10.0
11478,2019-11-25,2019-11-28,2,3366,5,1572,42857,,3.0
11501,2016-03-11,2016-03-19,3,1003,5,1572,42872,560.0,
11556,2018-12-31,2019-01-01,2,1735,5,1572,42811,,2.0
11564,2015-04-17,2015-04-27,3,532,5,1572,42824,,3.0
11573,2017-07-04,2017-07-09,2,533,5,1572,42834,,2.0
11576,2017-12-06,2017-12-11,3,1076,5,1572,42831,369.6,
11598,2015-03-28,2015-04-02,3,2753,5,1572,42912,,2.0
11639,2015-05-20,2015-05-27,3,3264,5,1572,43008,,3.0
11648,2015-12-02,2015-12-07,3,2109,5,1572,42987,456.0,
11659,2017-05-30,2017-06-04,1,782,5,1572,42959,4141.0,
11677,2019-02-19,2019-02-24,2,226,5,1572,42956,,2.0
11681,2019-08-17,2019-08-22,2,2076,5,1572,42962,,2.0
11684,2020-02-25,2020-03-04,1,1278,5,1572,42994,579.0,
11708,2020-02-25,2020-03-06,1,616,5,1572,42763,,3.0
11744,2019-10-26,2019-10-27,2,2869,5,1041,43033,,10.0
11787,2015-06-11,2015-06-18,1,1969,5,1041,42781,2098.8,
11799,2016-11-28,2016-11-29,3,681,5,1041,42783,2452.34,
11800,2016-12-07,2016-12-08,2,2944,5,1041,42800,,3.0
11807,2018-02-10,2018-02-14,3,528,5,1041,42769,,1.0
11820,2019-06-08,2019-06-09,1,2041,5,1041,42762,2106.06,
11828,2015-02-20,2015-02-23,3,924,5,1041,42871,560.0,
11863,2019-08-17,2019-08-25,1,3267,5,1041,42876,560.0,
11869,2020-05-13,2020-05-16,2,1209,5,1041,42819,860.42,
11895,2019-01-30,2019-01-31,2,18,5,1041,42892,,3.0
11903,2020-03-30,2020-04-04,2,494,5,1041,42897,,3.0
11932,2018-04-23,2018-04-26,2,736,5,1041,42987,,1.0
11938,2018-12-15,2018-12-20,1,1195,5,1041,43013,354.0,
11941,2019-04-30,2019-05-03,2,357,5,1041,42958,,2.0
11948,2020-05-09,2020-05-11,3,256,5,1041,43003,,1.0
11954,2016-06-25,2016-07-02,2,1383,5,1041,43020,562.0,
12014,2016-05-21,2016-05-27,3,2029,6,1361,42828,,1.0
12022,2018-06-20,2018-06-28,2,502,6,1361,42925,3.0,
12067,2018-01-10,2018-01-13,2,1117,6,1361,42770,3597.22,
12086,2020-02-03,2020-02-07,2,2760,6,1361,42765,1938.42,
12111,2017-06-05,2017-06-06,3,1148,6,1361,42862,,3.0
12174,2019-07-17,2019-07-20,2,1386,6,1361,42942,,2.0
12179,2019-12-27,2019-12-29,2,1639,6,1361,42949,,1.0
12205,2017-06-01,2017-06-06,1,1058,6,1361,42963,,2.0
12225,2019-07-13,2019-07-18,1,844,6,1361,42978,112.0,
12268,2018-06-25,2018-06-26,1,330,6,1793,42839,353.32,
12326,2015-12-11,2015-12-12,3,1422,6,1793,42762,2106.06,
12332,2016-05-17,2016-05-20,1,2689,6,1793,42792,,1.0
12341,2017-06-09,2017-06-13,3,3146,6,1793,42773,8703.64,
12346,2017-11-13,2017-11-23,3,425,6,1793,42771,2554.2,
12359,2019-07-25,2019-07-26,1,2843,6,1793,42812,,2.0
12411,2020-03-06,2020-03-14,2,2654,6,1793,42856,481.0,
12436,2018-03-28,2018-04-02,2,1448,6,1793,42948,,2.0
12450,2019-11-18,2019-11-19,1,3087,6,1793,42902,,2.0
12462,2015-12-14,2015-12-15,3,1460,6,1793,42984,258.0,
12499,2020-01-31,2020-02-08,2,186,6,1793,42988,598.0,
12535,2019-04-11,2019-04-19,2,1963,6,1962,42939,,3.0
12557,2017-06-17,2017-06-20,1,1802,6,1962,42847,,2.0
12617,2018-03-23,2018-03-28,3,3227,6,1962,42815,,2.0
12668,2018-12-28,2019-01-04,2,813,6,1962,42840,,2.0
12671,2019-02-09,2019-02-12,2,2645,6,1962,42870,,2.0
12673,2019-12-26,2020-01-02,2,998,6,1962,42856,481.0,
12679,2015-08-28,2015-09-01,3,1870,6,1962,42951,3043.0,
12684,2016-06-27,2016-07-02,3,2195,6,1962,42889,,2.0
12707,2019-08-23,2019-08-26,2,1488,6,1962,42938,,3.0
12761,2016-04-21,2016-04-24,3,1729,6,1962,43018,,1.0
12803,2015-10-16,2015-10-19,3,2647,6,1967,43039,815.0,
12848,2019-03-27,2019-04-02,3,53,6,1967,42965,,2.0
12863,2015-09-11,2015-09-16,3,1328,6,1967,42759,,1.0
12872,2016-11-03,2016-11-08,1,30,6,1967,42813,377.96,
12875,2017-03-14,2017-03-17,1,307,6,1967,42816,1254.88,
12881,2017-08-07,2017-08-11,3,81,6,1967,42816,,1.0
12910,2020-05-23,2020-05-30,1,1424,6,1967,42789,218.02,
12921,2016-06-03,2016-06-08,2,759,6,1967,42865,,2.0
12925,2016-09-13,2016-09-14,3,1901,6,1967,42862,,10.0
12930,2017-02-06,2017-02-10,1,1963,6,1967,42841,353.32,
12944,2018-06-16,2018-06-19,1,382,6,1967,42842,,2.0
12979,2016-07-13,2016-07-23,1,1683,6,1967,42886,498.0,
12998,2019-08-23,2019-08-26,1,1488,6,1967,42938,,3.0
13055,2016-04-18,2016-04-23,2,1373,6,1967,43019,413.0,
13066,2019-11-13,2019-11-18,2,981,6,1967,43021,,2.0
13146,2015-11-09,2015-11-14,3,242,6,1426,42781,2098.8,
13160,2017-04-22,2017-04-27,2,511,6,1426,42786,795.74,
13295,2017-08-16,2017-08-24,1,1029,6,1426,42986,,1.0
13301,2018-09-25,2018-09-26,2,2263,6,1426,43013,,3.0
13321,2017-07-13,2017-07-18,2,3281,6,1426,43027,,2.0
13366,2020-02-25,2020-03-02,2,343,16,1673,42818,,1.0
13402,2017-06-14,2017-06-15,2,224,16,1673,42789,21802.0,
13404,2017-08-24,2017-08-31,1,2733,16,1673,42755,1079.32,
13439,2017-07-06,2017-07-10,2,1091,16,1673,42882,498.0,
13470,2015-07-04,2015-07-09,3,1317,16,1673,42937,2458.0,
13515,2020-02-11,2020-02-16,2,492,16,1673,42903,269.0,
13523,2015-12-25,2015-12-28,2,2889,16,1673,42981,52.0,
13534,2017-06-12,2017-06-19,3,2856,16,1673,43010,387.0,
13570,2017-10-25,2017-11-02,1,1558,16,1673,43019,,2.0
13581,2020-01-24,2020-01-27,2,337,16,1673,42985,1456.0,
13595,2019-08-31,2019-09-01,3,1476,16,1352,42829,906.18,
13597,2015-09-03,2015-09-06,3,1145,16,1352,42928,123.0,
13603,2016-05-14,2016-05-15,1,1101,16,1352,42967,3365.0,
13628,2015-03-24,2015-03-28,3,458,16,1352,42783,,2.0
13656,2019-05-14,2019-05-19,3,3373,16,1352,42817,813.12,
13681,2017-01-03,2017-01-08,1,1276,16,1352,42877,,2.0
13741,2017-05-30,2017-06-03,1,2710,16,1352,42932,156.0,
13742,2017-09-27,2017-10-02,3,850,16,1352,42889,515.0,
13757,2020-02-01,2020-02-02,2,26,16,1352,42913,,2.0
13804,2015-06-13,2015-06-20,3,853,16,1352,43035,1159.0,
13812,2018-05-26,2018-06-02,2,967,16,1352,43026,530.0,
13828,2020-03-17,2020-03-19,2,2987,16,1352,42891,515.0,
13883,2016-01-02,2016-01-07,3,1626,16,1922,42769,,1.0
13887,2016-07-08,2016-07-13,3,2658,16,1922,42816,1254.88,
13933,2017-02-18,2017-02-22,2,2806,16,1922,42857,,3.0
14033,2017-11-22,2017-11-24,3,1727,16,1922,42986,354.0,
14036,2018-01-25,2018-01-29,3,911,16,1922,42958,,1.0
14043,2019-01-11,2019-01-16,3,101,16,1922,42992,570.0,
14115,2017-01-28,2017-02-06,1,161,16,1518,42838,897.38,
14120,2015-03-21,2015-03-29,1,3372,16,1518,42954,,2.0
14123,2017-10-30,2017-11-02,1,3305,16,1518,42960,4125.0,
14144,2017-08-24,2017-08-31,1,2733,16,1518,42755,,2.0
14191,2018-10-20,2018-10-24,3,2882,16,1518,42864,,2.0
14226,2017-03-13,2017-03-18,2,11,16,1518,42938,2679.0,
14249,2020-02-01,2020-02-02,2,26,16,1518,42913,,2.0
14258,2015-08-25,2015-08-29,3,853,16,1518,42967,,3.0
14262,2016-07-30,2016-07-31,3,2730,16,1518,42994,,10.0
14289,2019-05-16,2019-05-18,2,1778,16,1518,43012,,1.0
14326,2020-03-31,2020-04-03,2,1036,16,1518,43007,,2.0
14365,2016-06-15,2016-06-23,3,1414,16,1331,43005,421.0,
14401,2015-08-03,2015-08-10,3,2936,16,1331,42867,,3.0
14408,2016-06-29,2016-07-04,3,775,16,1331,42838,897.38,
14416,2017-06-10,2017-06-14,2,3241,16,1331,42879,,2.0
14439,2015-02-03,2015-02-08,3,647,16,1331,42949,2015.0,
14440,2015-02-04,2015-02-12,1,785,16,1331,42929,321.0,
14445,2015-04-17,2015-04-24,3,1679,16,1331,42926,,2.0
14520,2019-12-27,2020-01-01,2,2931,16,1331,42956,2093.0,
14566,2016-05-14,2016-05-15,2,1101,16,1302,42967,3365.0,
14594,2017-06-12,2017-06-18,1,1095,16,1302,43028,,2.0
14642,2016-06-29,2016-07-01,1,3310,16,1302,42838,897.38,
14652,2017-06-22,2017-06-23,3,3383,16,1302,42853,,3.0
14682,2015-08-22,2015-08-29,1,2941,16,1302,42921,,2.0
14685,2015-12-24,2015-12-29,3,208,16,1302,42929,321.0,
14731,2015-12-25,2015-12-28,2,2889,16,1302,42981,52.0,
14754,2018-07-20,2018-07-25,1,2760,16,1302,43004,373.0,
14756,2019-01-11,2019-01-16,3,101,16,1302,42992,,2.0
14757,2019-02-11,2019-02-18,2,797,16,1302,42993,507.0,
14760,2019-06-05,2019-06-09,3,1011,16,1302,43011,,1.0
14776,2016-08-26,2016-08-30,3,1040,16,1302,43017,,3.0
14800,2020-03-31,2020-04-03,2,1036,16,1302,43007,,1.0
14805,2018-01-04,2018-01-05,3,3246,7,1975,42775,3206.06,
14808,2016-11-28,2016-12-01,1,2933,7,1975,42848,1588.0,
14912,2016-04-11,2016-04-19,3,2126,7,1975,42865,199.0,
14933,2018-07-17,2018-07-24,1,2774,7,1975,42820,652.74,
14948,2019-08-10,2019-08-11,1,2837,7,1975,42843,,2.0
14956,2015-05-09,2015-05-14,3,1175,7,1975,42886,,2.0
14987,2018-11-22,2018-11-29,3,224,7,1975,42926,79.0,
14994,2020-01-17,2020-01-20,2,320,7,1975,42903,,2.0
15011,2016-03-25,2016-03-30,3,1982,7,1975,42975,,2.0
15045,2015-01-07,2015-01-12,1,152,7,1975,43024,508.0,
15078,2020-03-14,2020-03-17,2,3001,7,1975,42774,,1.0
15135,2017-07-07,2017-07-10,2,1810,7,1759,42912,,2.0
15160,2016-03-19,2016-03-24,1,601,7,1759,42780,,2.0
15165,2016-11-15,2016-11-22,2,1440,7,1759,42785,1597.42,
15196,2016-09-13,2016-09-15,1,123,7,1759,42865,,2.0
15209,2018-04-20,2018-04-21,1,815,7,1759,42845,823.24,
15223,2018-12-27,2018-12-28,1,1682,7,1759,42840,353.32,
15242,2015-08-08,2015-08-15,2,2148,7,1759,42916,1356.0,
15345,2020-04-04,2020-04-10,2,1648,7,1759,42858,,2.0
15379,2017-11-20,2017-11-28,3,570,7,1055,42890,,1.0
15391,2016-01-18,2016-01-27,1,1821,7,1055,42826,,2.0
15394,2018-01-01,2018-01-09,2,60,7,1055,42865,,2.0
15407,2018-07-30,2018-08-08,3,1594,7,1055,42917,1351.35,
15419,2017-12-14,2017-12-22,2,496,7,1055,42976,216.0,
15421,2019-02-20,2019-02-28,1,1845,7,1055,43016,454.0,
15449,2017-11-20,2017-11-22,2,1343,7,1055,42774,6048.9,
15450,2018-02-21,2018-02-26,2,2971,7,1055,42756,,2.0
15480,2017-03-16,2017-03-24,2,208,7,1055,42858,,1.0
15510,2020-05-12,2020-05-17,1,1863,7,1055,42844,,1.0
15520,2016-01-04,2016-01-12,3,672,7,1055,42888,,2.0
15527,2016-10-17,2016-10-21,3,1577,7,1055,42896,515.0,
15543,2018-03-26,2018-03-31,1,1194,7,1055,42920,789.0,
15546,2018-11-21,2018-11-25,2,1194,7,1055,42929,321.0,
15582,2017-11-10,2017-11-14,2,657,7,1055,43001,,2.0
15647,2020-05-01,2020-05-10,2,575,7,1055,42848,1588.0,
15658,2019-09-19,2019-09-20,3,1528,7,1054,42861,,3.0
15696,2020-01-06,2020-01-14,2,2193,7,1054,42934,,2.0
15714,2015-03-04,2015-03-11,3,2993,7,1054,42758,1819.18,
15812,2019-12-25,2019-12-26,3,3379,7,1054,42838,,3.0
15822,2016-03-09,2016-03-12,1,2956,7,1054,42897,515.0,
15830,2017-05-12,2017-05-20,2,336,7,1054,42931,,2.0
15836,2018-03-02,2018-03-06,2,491,7,1054,42933,,1.0
15865,2016-03-25,2016-03-30,1,1982,7,1054,42975,215.0,
15875,2017-07-27,2017-07-31,3,1505,7,1054,42971,2762.0,
15878,2017-11-17,2017-11-21,2,1849,7,1054,42995,364.0,
15907,2017-10-23,2017-10-28,2,1422,7,1054,43023,643.0,
15910,2018-06-25,2018-06-30,2,769,7,1054,43030,,1.0
15918,2019-12-31,2020-01-05,3,833,7,1054,43023,,1.0
15923,2020-02-18,2020-02-20,2,3080,7,1054,42959,4141.0,
15929,2020-03-31,2020-04-05,2,635,7,1054,43019,,20.0
15936,2018-01-04,2018-01-05,1,3246,7,1075,42775,3206.06,
15957,2019-09-12,2019-09-20,3,1775,7,1075,42818,,3.0
15959,2015-12-01,2015-12-04,3,311,7,1075,42879,,3.0
15961,2017-03-16,2017-03-19,2,1563,7,1075,42850,,2.0
15964,2019-08-22,2019-08-28,2,3000,7,1075,42821,,1.0
16016,2019-05-01,2019-05-04,2,234,7,1075,42786,795.74,
16039,2017-02-25,2017-03-02,1,315,7,1075,42852,152.0,
16076,2020-05-05,2020-05-10,1,632,7,1075,42858,505.0,
16101,2017-09-06,2017-09-11,1,1867,7,1075,42906,,1.0
16132,2015-12-08,2015-12-13,3,1846,7,1075,42994,579.0,
16151,2018-07-20,2018-07-22,2,851,7,1075,42979,,1.0
16182,2018-02-24,2018-03-03,1,296,7,1075,43019,,1.0
16195,2020-05-16,2020-05-18,2,682,7,1075,42835,,2.0
16201,2020-04-28,2020-04-30,2,2095,7,1075,42984,,2.0
16231,2017-07-24,2017-07-27,3,2059,7,1966,42812,376.64,
16239,2018-12-05,2018-12-13,2,1007,7,1966,42863,,2.0
16250,2018-07-27,2018-08-04,3,596,7,1966,42945,,1.0
16268,2017-04-26,2017-05-02,3,979,7,1966,43021,435.0,
16293,2017-09-11,2017-09-18,1,2789,7,1966,42810,1282.82,
16340,2018-11-08,2018-11-12,3,988,7,1966,42821,,2.0
16468,2020-02-18,2020-02-20,2,3080,7,1966,42959,,1.0
16510,2019-05-25,2019-06-03,2,2987,7,1696,42847,2846.58,
16530,2019-05-07,2019-05-15,2,2621,7,1696,42963,,3.0
16532,2019-08-05,2019-08-11,1,502,7,1696,42987,456.0,
16543,2015-03-30,2015-04-04,3,1165,7,1696,42816,,2.0
16572,2020-02-26,2020-02-29,2,1061,7,1696,42811,,3.0
16590,2016-11-01,2016-11-02,3,2789,7,1696,42832,,2.0
16594,2017-03-29,2017-04-06,2,1954,7,1696,42821,,3.0
16612,2018-10-26,2018-10-31,3,1993,7,1696,42849,,2.0
16621,2019-07-04,2019-07-11,2,899,7,1696,42881,,2.0
16635,2015-01-09,2015-01-13,3,145,7,1696,42899,199.0,
16639,2015-07-23,2015-07-31,2,1237,7,1696,42904,,3.0
16655,2017-05-04,2017-05-11,1,1796,7,1696,42951,3043.0,
16663,2018-03-26,2018-03-31,1,1194,7,1696,42920,789.0,
16704,2018-01-12,2018-01-15,2,1520,7,1696,43016,,2.0
16718,2019-11-27,2019-11-30,3,3279,7,1696,42972,,3.0
16801,2016-07-04,2016-07-12,3,1249,7,1299,42936,,1.0
16842,2018-08-09,2018-08-11,3,2318,7,1299,42815,,1.0
16851,2019-06-26,2019-07-01,2,1083,7,1299,42755,,1.0
16858,2020-05-13,2020-05-14,2,181,7,1299,42737,,3.0
16870,2016-08-31,2016-09-07,3,1207,7,1299,42883,498.0,
16875,2017-05-10,2017-05-14,2,2705,7,1299,42879,560.0,
16898,2019-11-02,2019-11-10,3,107,7,1299,42882,498.0,
16918,2016-06-13,2016-06-14,3,120,7,1299,42918,,2.0
16926,2017-01-18,2017-01-20,2,1433,7,1299,42915,,2.0
16941,2018-12-03,2018-12-08,1,428,7,1299,42888,,1.0
16942,2019-02-23,2019-03-02,1,495,7,1299,42946,,3.0
16961,2016-01-13,2016-01-15,2,2788,7,1299,42994,,1.0
16999,2015-11-19,2015-11-27,3,2961,7,1299,43031,,1.0
17020,2019-03-19,2019-03-21,3,1625,7,1299,43028,,2.0
17034,2020-04-09,2020-04-13,2,1013,7,1299,42785,,2.0
17054,2015-05-11,2015-05-19,1,769,7,1529,42916,1356.0,
17075,2019-11-28,2019-12-06,3,2022,7,1529,42850,,1.0
17127,2017-07-11,2017-07-14,1,1153,7,1529,42762,2106.06,
17177,2018-08-10,2018-08-12,2,2188,7,1529,42852,,2.0
17184,2018-11-28,2018-12-06,2,1866,7,1529,42842,353.32,
17185,2018-12-21,2018-12-22,2,1449,7,1529,42863,,3.0
17199,2020-05-05,2020-05-10,2,632,7,1529,42858,,2.0
17200,2020-05-07,2020-05-09,2,2293,7,1529,42857,542.0,
17207,2015-07-23,2015-07-31,3,1237,7,1529,42904,135.0,
17212,2016-06-03,2016-06-08,2,2579,7,1529,42946,2173.0,
17234,2018-12-29,2019-01-05,1,342,7,1529,42948,,2.0
17241,2020-01-17,2020-01-20,2,320,7,1529,42903,269.0,
17242,2020-01-21,2020-01-24,2,871,7,1529,42939,,3.0
17279,2018-05-11,2018-05-16,2,2193,7,1529,42982,13.0,
17336,2020-03-31,2020-04-05,2,635,7,1529,43019,,3.0
17388,2020-01-18,2020-01-26,2,70,7,1080,43022,422.0,
17395,2016-03-02,2016-03-04,1,674,7,1080,42791,258.28,
17411,2019-03-15,2019-03-16,3,2027,7,1080,42814,369.82,
17499,2018-12-03,2018-12-08,2,428,7,1080,42888,,1.0
17573,2018-07-17,2018-07-25,2,1252,7,1080,43028,,2.0
17619,2015-08-22,2015-08-30,2,1935,7,1353,43043,,3.0
17672,2016-09-19,2016-09-23,3,1814,7,1353,42800,,2.0
17702,2015-04-14,2015-04-19,1,895,7,1353,42879,,2.0
17730,2018-11-08,2018-11-12,2,988,7,1353,42821,653.62,
17732,2018-12-08,2018-12-12,2,1285,7,1353,42867,199.0,
17737,2019-07-04,2019-07-11,1,899,7,1353,42881,,3.0
17742,2019-12-05,2019-12-06,2,3311,7,1353,42865,,1.0
17786,2015-03-31,2015-04-07,3,1631,7,1353,42960,,3.0
17833,2015-12-29,2016-01-08,1,2255,7,1353,43026,530.0,
17877,2017-02-11,2017-02-14,2,3181,8,1370,42903,,3.0
17896,2018-04-14,2018-04-17,3,3346,8,1370,42878,,2.0
17902,2018-05-04,2018-05-07,2,3355,8,1370,42935,2456.0,
17916,2015-05-20,2015-05-24,1,606,8,1370,42737,,2.0
17963,2015-08-29,2015-09-06,3,1374,8,1370,42846,2846.58,
18050,2019-03-02,2019-03-07,1,2055,8,1370,42948,2786.0,
18066,2015-04-07,2015-04-12,1,1098,8,1370,42961,2867.0,
18109,2019-09-11,2019-09-16,2,2158,8,1370,43002,,2.0
18127,2019-06-18,2019-06-25,1,1170,8,1370,43039,,2.0
18144,2015-01-02,2015-01-05,3,490,8,1677,42890,515.0,
18165,2015-06-03,2015-06-11,3,216,8,1677,42877,,1.0
18216,2017-11-01,2017-11-02,1,396,8,1677,42789,218.02,
18254,2016-02-06,2016-02-13,3,646,8,1677,42872,560.0,
18283,2018-08-11,2018-08-12,3,1113,8,1677,42852,,2.0
18290,2019-06-01,2019-06-11,2,1871,8,1677,42848,,2.0
18305,2015-09-22,2015-09-24,3,1792,8,1677,42906,321.0,
18310,2016-02-08,2016-02-15,3,602,8,1677,42942,2749.0,
18316,2016-11-21,2016-12-01,3,2303,8,1677,42934,1789.0,
18340,2020-05-25,2020-05-30,2,1951,8,1677,42900,245.0,
18447,2017-03-24,2017-04-01,2,2037,8,1427,42923,753.0,
18478,2017-05-22,2017-05-23,2,155,8,1427,42799,,3.0
18479,2017-07-06,2017-07-09,1,603,8,1427,42775,,2.0
18496,2019-02-01,2019-02-02,3,1820,8,1427,42791,,3.0
18525,2016-07-19,2016-07-22,2,125,8,1427,42850,,1.0
18572,2015-05-06,2015-05-13,3,1727,8,1427,42942,,3.0
18573,2015-07-02,2015-07-12,3,684,8,1427,42888,498.0,
18598,2019-04-09,2019-04-17,2,2721,8,1427,42949,2015.0,
18621,2015-11-13,2015-11-18,1,1935,8,1427,42974,,1.0
18647,2018-09-20,2018-09-25,3,2968,8,1427,42975,,2.0
18650,2019-07-15,2019-07-20,2,694,8,1427,42961,2867.0,
18708,2019-12-16,2019-12-24,2,2289,8,2731,42801,2802.8,
18717,2016-02-24,2016-03-04,1,1878,8,2731,42935,2456.0,
18739,2015-09-19,2015-09-22,3,2316,8,2731,42798,1556.28,
18742,2015-12-23,2015-12-28,3,1861,8,2731,42815,,3.0
18743,2016-01-18,2016-01-22,3,1181,8,2731,42790,762.96,
18769,2019-04-04,2019-04-05,2,2175,8,2731,42777,,10.0
18773,2019-11-16,2019-11-21,3,208,8,2731,42781,2098.8,
18781,2015-07-08,2015-07-11,1,158,8,2731,42843,684.2,
18831,2019-09-11,2019-09-13,2,398,8,2731,42862,,2.0
18899,2016-04-30,2016-05-04,2,52,8,2731,43015,483.0,
18936,2016-01-19,2016-01-20,2,2456,8,2731,43019,413.0,
19020,2015-02-17,2015-02-22,1,937,8,2024,42812,376.64,
19106,2019-04-24,2019-04-29,1,927,8,2024,42864,199.0,
19117,2015-04-07,2015-04-08,2,457,8,2024,42888,,1.0
19127,2016-09-06,2016-09-07,3,2340,8,2024,42905,,
19132,2017-05-25,2017-06-02,2,2264,8,2024,42936,,2.0
19137,2018-01-31,2018-02-05,1,1304,8,2024,42896,515.0,
19172,2016-04-27,2016-05-02,3,2291,8,2024,42996,518.0,
19226,2020-04-13,2020-04-18,1,440,8,2024,42828,906.18,
19232,2016-08-22,2016-08-30,2,2630,8,2630,42765,1938.42,
19261,2019-11-08,2019-11-16,3,1879,8,2630,42879,,1.0
19265,2018-08-08,2018-08-11,3,202,8,2630,42920,,2.0
19283,2015-06-10,2015-06-20,3,722,8,2630,42816,,2.0
19288,2016-01-29,2016-02-01,2,2945,8,2630,42800,1642.74,
19301,2018-06-21,2018-06-22,1,1234,8,2630,42789,,2.0
19307,2018-09-27,2018-10-02,3,1769,8,2630,42810,1282.82,
19458,2016-04-27,2016-05-02,2,2291,8,2630,42996,,2.0
19459,2016-04-30,2016-05-04,1,52,8,2630,43015,,3.0
19479,2017-08-28,2017-09-04,1,2658,8,2630,42972,,2.0
19534,2019-08-24,2019-08-27,3,2894,9,2486,42886,,2.0
19548,2018-07-02,2018-07-08,1,1387,9,2486,42801,,1.0
19572,2018-11-17,2018-11-25,1,1562,9,2486,43005,,2.0
19580,2015-05-07,2015-05-12,3,1260,9,2486,42800,1642.74,
19596,2016-11-15,2016-11-19,3,2411,9,2486,42786,,2.0
19622,2019-09-24,2019-09-26,3,1475,9,2486,42765,,1.0
19632,2015-05-13,2015-05-14,3,599,9,2486,42828,906.18,
19636,2015-06-15,2015-06-20,3,1058,9,2486,42866,,2.0
19691,2016-06-30,2016-07-03,1,1099,9,2486,42931,,20.0
19703,2017-10-07,2017-10-17,1,220,9,2486,42925,,2.0
19712,2018-10-03,2018-10-08,2,2054,9,2486,42904,135.0,
19728,2015-01-16,2015-01-21,3,845,9,2486,42989,413.0,
19764,2019-02-05,2019-02-09,1,2579,9,2486,43009,563.0,
19796,2020-04-16,2020-04-22,2,803,9,2486,43035,,1.0
19808,2020-03-09,2020-03-12,3,1160,9,2486,42968,3445.0,
19839,2019-06-12,2019-06-20,2,1490,9,2768,42829,,1.0
19844,2016-06-30,2016-07-06,1,2774,9,2768,42982,,1.0
19882,2020-01-27,2020-02-03,1,1478,9,2768,42800,,2.0
19888,2015-06-08,2015-06-15,3,2775,9,2768,42850,279.0,
19913,2018-03-31,2018-04-05,2,3025,9,2768,42829,906.18,
19940,2016-02-19,2016-02-21,1,2740,9,2768,42906,,20.0
19998,2016-09-02,2016-09-03,1,2847,9,2768,42965,,1.0
20003,2017-02-01,2017-02-05,3,2970,9,2768,42963,2355.0,
20040,2017-04-20,2017-04-25,2,960,9,2768,43036,744.0,
20079,2020-03-16,2020-03-24,1,152,9,2075,42921,756.0,
20101,2015-01-27,2015-02-05,3,821,9,2075,42954,2554.0,
20138,2018-06-09,2018-06-13,1,2265,9,2075,42791,,1.0
20150,2019-12-02,2019-12-09,1,1331,9,2075,42814,,3.0
20158,2015-06-08,2015-06-15,3,2775,9,2075,42850,279.0,
20208,2016-03-24,2016-04-01,3,1869,9,2075,42913,1357.0,
20233,2018-07-02,2018-07-07,1,1570,9,2075,42891,515.0,
20241,2019-06-05,2019-06-09,3,216,9,2075,42918,789.0,
20271,2017-12-30,2017-12-31,2,2674,9,2075,43002,,2.0
20285,2019-10-02,2019-10-07,3,968,9,2075,43015,,3.0
20293,2017-01-27,2017-01-28,1,1566,9,2075,43040,757.0,
20299,2017-12-08,2017-12-13,2,1803,9,2075,43028,942.0,
20389,2017-03-20,2017-03-21,3,998,10,2779,42810,1282.82,
20405,2019-04-26,2019-04-30,1,205,10,2779,42813,377.96,
20409,2019-05-15,2019-05-20,2,3095,10,2779,42800,1642.74,
20440,2017-02-10,2017-02-15,1,1372,10,2779,42840,353.32,
20470,2019-10-30,2019-11-04,1,111,10,2779,42820,,1.0
20473,2020-01-10,2020-01-18,2,2112,10,2779,42839,,3.0
20492,2016-08-16,2016-08-23,1,685,10,2779,42894,515.0,
20496,2016-10-29,2016-11-02,3,1953,10,2779,42910,1502.0,
20508,2017-11-16,2017-11-20,3,1382,10,2779,42949,2015.0,
20570,2017-10-26,2017-10-31,1,1116,10,2779,42972,2741.0,
20593,2015-09-23,2015-09-28,3,2657,10,2779,43032,,2.0
20606,2020-05-16,2020-05-19,2,1338,10,2779,43019,,2.0
20613,2020-01-07,2020-01-12,2,3262,10,2779,42995,364.0,
20638,2016-08-11,2016-08-12,3,2080,10,2468,43036,744.0,
20646,2020-01-15,2020-01-18,2,1703,10,2468,42816,,2.0
20654,2017-02-17,2017-02-26,2,173,10,2468,42892,515.0,
20686,2016-12-10,2016-12-13,2,26,10,2468,42786,,2.0
20695,2017-11-20,2017-11-21,1,444,10,2468,42812,,3.0
20715,2019-07-16,2019-07-17,1,2334,10,2468,42786,795.74,
20730,2015-07-08,2015-07-09,1,2009,10,2468,42871,,2.0
20753,2017-09-16,2017-09-21,1,2219,10,2468,42873,560.0,
20795,2017-02-20,2017-02-24,1,2759,10,2468,42904,,3.0
20801,2017-07-05,2017-07-06,2,183,10,2468,42923,753.0,
20815,2018-07-24,2018-07-27,2,435,10,2468,42940,,
20816,2018-08-07,2018-08-09,2,287,10,2468,42914,,3.0
20825,2019-11-07,2019-11-10,3,1685,10,2468,42947,,3.0
20865,2017-11-18,2017-11-23,2,1443,10,2468,42972,,3.0
20919,2016-08-11,2016-08-12,2,2080,10,2351,43036,,2.0
20945,2019-07-13,2019-07-16,3,1908,10,2351,42975,21500.0,
20972,2018-04-19,2018-04-20,3,2291,10,2351,42816,1254.88,
20975,2018-08-03,2018-08-13,2,1138,10,2351,42770,,3.0
21002,2015-11-07,2015-11-12,1,1427,10,2351,42866,199.0,
21028,2017-10-02,2017-10-06,1,109,10,2351,42858,505.0,
21066,2016-08-18,2016-08-28,1,1778,10,2351,42944,3686.0,
21070,2016-12-05,2016-12-09,3,2003,10,2351,42945,,2.0
21082,2017-11-16,2017-11-20,1,1382,10,2351,42949,2015.0,
21133,2018-09-03,2018-09-04,3,256,10,2351,42961,2867.0,
21144,2020-02-29,2020-03-01,2,2158,10,2351,43000,374.0,
21156,2017-10-16,2017-10-17,2,1266,10,2351,43018,437.0,
21189,2016-04-23,2016-04-24,3,887,10,2508,42861,,2.0
21219,2019-09-10,2019-09-16,2,3009,10,2508,42927,,2.0
21235,2019-02-04,2019-02-07,1,1445,10,2508,43030,,1.0
21270,2019-02-27,2019-03-06,2,206,10,2508,42773,8703.64,
21285,2015-01-20,2015-01-21,2,297,10,2508,42855,1130.0,
21343,2019-12-14,2019-12-16,3,647,10,2508,42843,684.2,
21370,2017-08-12,2017-08-14,1,2158,10,2508,42934,1789.0,
21396,2019-07-05,2019-07-09,2,1778,10,2508,42915,,2.0
21506,2020-05-05,2020-05-06,1,365,10,2411,42984,258.0,
21520,2018-02-07,2018-02-15,1,169,10,2411,42838,897.38,
21550,2015-09-21,2015-09-24,3,421,10,2411,42788,421.96,
21598,2015-12-01,2015-12-09,3,1626,10,2411,42866,,2.0
21605,2016-06-04,2016-06-11,2,157,10,2411,42857,,1.0
21648,2015-05-23,2015-05-24,3,813,10,2411,42922,,2.0
21686,2018-06-16,2018-06-19,3,2064,10,2411,42906,,1.0
21712,2015-08-27,2015-09-01,1,1404,10,2411,42969,,3.0
21719,2016-07-01,2016-07-04,2,277,10,2411,42999,547.0,
21738,2018-02-13,2018-02-20,1,3391,10,2411,42998,,2.0
21800,2016-10-04,2016-10-07,1,3015,10,2120,42956,,1.0
21806,2018-03-23,2018-03-26,1,1738,10,2120,43032,953.0,
21929,2019-03-21,2019-03-25,3,52,10,2120,42842,,2.0
21937,2020-01-10,2020-01-18,2,2112,10,2120,42839,353.32,
21942,2015-03-11,2015-03-21,3,385,10,2120,42892,515.0,
21950,2016-03-04,2016-03-07,3,1853,10,2120,42891,,2.0
21958,2016-11-22,2016-11-29,3,585,10,2120,42897,,2.0
21969,2017-07-08,2017-07-16,2,488,10,2120,42899,199.0,
21971,2017-09-26,2017-09-29,3,1260,10,2120,42896,,3.0
22050,2015-01-09,2015-01-12,3,537,10,2120,43024,508.0,
22069,2020-01-28,2020-02-03,2,12,10,2120,43012,510.0,
22089,2020-03-06,2020-03-07,2,2133,10,2157,42879,,2.0
22114,2017-05-16,2017-05-22,2,185,10,2157,42905,,1.0
22174,2015-03-11,2015-03-13,2,2882,10,2157,42847,2846.58,
22175,2015-03-18,2015-03-19,1,450,10,2157,42838,,2.0
22181,2015-10-29,2015-10-30,2,2779,10,2157,42837,,1.0
22224,2019-10-30,2019-11-04,2,111,10,2157,42820,,1.0
22241,2016-03-04,2016-03-07,3,1853,10,2157,42891,,2.0
22250,2017-01-24,2017-01-27,3,603,10,2157,42894,,3.0
22260,2017-11-16,2017-11-20,1,1382,10,2157,42949,,1.0
22261,2017-12-06,2017-12-11,2,746,10,2157,42915,1765.0,
22298,2016-02-13,2016-02-20,3,3374,10,2157,42993,,2.0
22301,2016-07-08,2016-07-15,1,836,10,2157,43011,,2.0
22306,2016-11-07,2016-11-12,2,248,10,2157,42981,52.0,
22350,2019-09-10,2019-09-14,2,99,10,2157,43038,,3.0
22353,2020-05-16,2020-05-19,2,1338,10,2157,43019,,2.0
22452,2015-06-01,2015-06-02,1,1826,11,2063,42833,,2.0
22454,2015-12-16,2015-12-21,3,1676,11,2063,42853,,2.0
22476,2017-11-01,2017-11-03,2,1253,11,2063,42883,498.0,
22506,2015-08-05,2015-08-13,3,268,11,2063,42921,756.0,
22507,2015-08-06,2015-08-11,3,1147,11,2063,42912,1654.0,
22515,2016-10-28,2016-11-04,1,1307,11,2063,42939,,2.0
22537,2019-10-01,2019-10-04,3,558,11,2063,42928,123.0,
22579,2020-01-14,2020-01-19,2,1025,11,2063,42975,215.0,
22594,2019-08-17,2019-08-22,1,1836,11,2063,43024,508.0,
22603,2020-04-18,2020-04-23,2,2669,11,2063,42965,2281.0,
22614,2018-08-30,2018-09-02,2,1426,11,2059,42878,560.0,
22661,2015-08-05,2015-08-10,1,1232,11,2059,42762,2106.06,
22663,2015-12-11,2015-12-15,3,1086,11,2059,42796,,2.0
22675,2017-03-18,2017-03-23,2,1518,11,2059,42814,,1.0
22677,2017-07-11,2017-07-12,1,1287,11,2059,42797,,2.0
22698,2015-07-14,2015-07-21,1,73,11,2059,42882,498.0,
22723,2017-11-15,2017-11-20,1,1155,11,2059,42858,,1.0
22728,2018-08-02,2018-08-07,1,1430,11,2059,42872,,2.0
22777,2019-07-06,2019-07-13,2,856,11,2059,42898,515.0,
22778,2019-08-01,2019-08-06,2,77,11,2059,42901,,1.0
22795,2016-02-09,2016-02-13,3,1372,11,2059,43009,,3.0
22813,2017-12-09,2017-12-14,2,3350,11,2059,43008,389.0,
22824,2019-10-16,2019-10-19,2,903,11,2059,42982,13.0,
22853,2015-01-16,2015-01-24,1,551,11,2784,42793,,1.0
22867,2019-10-08,2019-10-11,2,541,11,2784,43042,1121.0,
22871,2017-08-01,2017-08-09,2,2933,11,2784,42793,,2.0
22889,2016-11-28,2016-12-04,1,30,11,2784,43010,387.0,
22908,2016-12-29,2017-01-02,3,1853,11,2784,42776,1423.4,
22920,2018-10-31,2018-11-01,2,1580,11,2784,42773,,2.0
22937,2015-11-04,2015-11-08,3,945,11,2784,42882,498.0,
22944,2016-08-06,2016-08-11,2,2981,11,2784,42861,,3.0
22966,2018-10-05,2018-10-10,2,328,11,2784,42882,,2.0
23002,2018-03-22,2018-03-29,2,2781,11,2784,42899,199.0,
23032,2017-03-31,2017-04-08,1,2779,11,2784,42966,,2.0
23058,2015-10-14,2015-10-19,3,906,11,2784,43032,953.0,
23080,2020-02-25,2020-03-04,1,576,11,2784,42848,,3.0
23088,2020-05-19,2020-05-22,1,1806,11,2784,43026,,2.0
23118,2015-03-20,2015-03-28,2,3374,11,2532,42922,741.0,
23137,2015-06-10,2015-06-15,1,1229,11,2532,42764,1385.78,
23225,2015-05-08,2015-05-13,2,916,11,2532,42942,,1.0
23341,2018-08-09,2018-08-17,3,1276,12,2427,42921,,2.0
23360,2017-08-22,2017-08-30,3,2899,12,2427,42894,515.0,
23382,2016-08-05,2016-08-10,2,3024,12,2427,42784,1748.78,
23395,2018-06-26,2018-07-01,3,132,12,2427,42813,,2.0
23405,2020-01-16,2020-01-24,2,374,12,2427,42773,,3.0
23433,2018-07-18,2018-07-22,2,671,12,2427,42861,542.0,
23469,2017-09-08,2017-09-09,3,133,12,2427,42896,515.0,
23506,2017-10-06,2017-10-14,3,158,12,2427,42975,215.0,
23539,2017-11-03,2017-11-06,2,531,12,2427,43038,1163.0,
23544,2020-02-21,2020-02-27,2,3403,12,2427,42815,,2.0
23557,2019-04-20,2019-04-21,1,1178,12,2786,42816,1254.88,
23590,2017-03-08,2017-03-17,2,226,12,2786,42919,,1.0
23604,2015-01-31,2015-02-04,3,3394,12,2786,42789,218.02,
23615,2016-08-05,2016-08-10,1,3024,12,2786,42784,,2.0
23648,2015-10-09,2015-10-12,3,427,12,2786,42883,498.0,
23651,2016-08-02,2016-08-06,1,155,12,2786,42878,560.0,
23669,2018-09-24,2018-09-25,2,1431,12,2786,42846,2846.58,
23699,2016-10-17,2016-10-21,1,336,12,2786,42937,,3.0
23717,2018-06-22,2018-06-23,2,1149,12,2786,42938,,3.0
23745,2017-02-25,2017-03-01,3,2817,12,2786,43001,,3.0
23816,2017-08-24,2017-09-02,1,729,12,2614,42839,,1.0
23836,2016-08-05,2016-08-10,1,3024,12,2614,42784,,2.0
23844,2018-06-15,2018-06-16,2,2721,12,2614,42757,1784.42,
23911,2016-12-31,2017-01-05,3,3070,12,2614,42927,91.0,
23948,2016-08-03,2016-08-08,1,65,12,2614,43013,354.0,
23984,2020-01-16,2020-01-26,2,656,12,2614,42985,1456.0,
24010,2018-01-23,2018-01-24,2,3350,12,2599,42818,,3.0
24031,2016-01-07,2016-01-10,1,408,12,2599,42872,,2.0
24098,2016-02-25,2016-02-26,1,1584,12,2599,42836,823.24,
24102,2016-08-19,2016-08-21,3,1094,12,2599,42866,,1.0
24106,2016-10-31,2016-11-05,3,3163,12,2599,42883,,2.0
24127,2019-12-03,2019-12-10,2,1289,12,2599,42844,1810.38,
24153,2017-08-26,2017-09-03,2,2820,12,2599,42943,2190.0,
24156,2017-10-30,2017-11-04,1,650,12,2599,42888,498.0,
24157,2018-01-29,2018-02-05,3,1730,12,2599,42900,245.0,
24164,2019-01-24,2019-01-29,2,2652,12,2599,42912,,2.0
24187,2016-08-03,2016-08-08,1,2897,12,2599,43013,,2.0
24202,2018-05-03,2018-05-13,2,1349,12,2599,42997,485.0,
24244,2020-04-21,2020-04-23,3,1526,12,2599,42783,2452.34,
24257,2017-02-28,2017-03-08,1,3137,12,2589,42895,515.0,
24259,2019-05-22,2019-05-25,1,2612,12,2589,42914,1489.0,
24273,2017-08-22,2017-08-30,2,2899,12,2589,42894,515.0,
24291,2015-11-28,2015-11-30,3,422,12,2589,42810,,3.0
24331,2015-09-14,2015-09-19,1,29,12,2589,42859,,20.0
24383,2017-09-21,2017-09-25,1,1241,12,2589,42897,,2.0
24404,2015-07-23,2015-07-27,3,1827,12,2589,42973,,
24419,2017-07-07,2017-07-17,3,397,12,2589,42956,,10.0
24448,2020-05-28,2020-06-04,1,882,12,2589,42862,,1.0
24470,2017-12-13,2017-12-21,3,1422,17,3917,43033,1182.0,
24499,2015-05-19,2015-05-26,3,2769,17,3917,42791,258.28,
24503,2015-08-26,2015-09-02,3,2655,17,3917,42737,1658.0,
24521,2017-06-21,2017-06-26,1,1760,17,3917,42765,,2.0
24533,2018-10-16,2018-10-21,3,1676,17,3917,42765,,3.0
24547,2015-05-04,2015-05-09,3,1092,17,3917,42884,498.0,
24553,2016-01-12,2016-01-17,2,1866,17,3917,42872,,1.0
24564,2017-04-08,2017-04-09,3,1005,17,3917,42874,,2.0
24586,2015-04-24,2015-04-29,3,1143,17,3917,42926,,3.0
24594,2016-09-09,2016-09-14,2,2738,17,3917,42944,,2.0
24623,2016-07-08,2016-07-15,2,1240,17,3917,42991,438.0,
24644,2018-06-06,2018-06-10,1,1315,17,3917,42966,,1.0
24658,2019-12-09,2019-12-14,2,1053,17,3917,42963,2355.0,
24722,2018-11-12,2018-11-18,2,1692,17,3172,42884,498.0,
24736,2015-03-27,2015-04-01,2,2851,17,3172,42759,,2.0
24784,2015-04-04,2015-04-07,3,3264,17,3172,42829,,2.0
24817,2019-12-21,2019-12-28,3,1336,17,3172,42867,,1.0
24854,2019-02-25,2019-03-05,2,1089,17,3172,42937,,2.0
24917,2019-09-07,2019-09-14,2,1733,17,3172,43022,422.0,
24918,2019-11-07,2019-11-09,1,2773,17,3172,43035,1159.0,
24953,2016-11-05,2016-11-11,2,2987,17,3607,42799,,3.0
24967,2020-03-04,2020-03-13,2,501,17,3607,42940,2162.0,
24985,2016-02-12,2016-02-16,2,1031,17,3607,42798,,3.0
24987,2016-02-27,2016-03-03,2,1769,17,3607,42788,421.96,
24997,2017-01-21,2017-01-24,1,1720,17,3607,42793,871.86,
25026,2015-05-23,2015-06-02,3,630,17,3607,42863,398.0,
25045,2018-03-24,2018-03-25,2,963,17,3607,42860,,3.0
25052,2018-08-22,2018-08-27,1,250,17,3607,42881,498.0,
25053,2018-08-30,2018-09-04,2,205,17,3607,42838,897.38,
25075,2017-01-20,2017-01-25,3,146,17,3607,42906,,1.0
25080,2017-09-19,2017-09-29,2,165,17,3607,42938,,1.0
25088,2018-10-23,2018-10-28,3,1602,17,3607,42900,,2.0
25108,2020-05-15,2020-05-20,2,733,17,3607,42891,,1.0
25141,2019-05-16,2019-05-21,3,384,17,3607,42953,,2.0
25160,2017-10-04,2017-10-11,3,3291,17,3607,43028,,20.0
25206,2018-08-25,2018-08-28,2,317,17,3111,42876,,2.0
25217,2018-01-31,2018-02-06,1,1680,17,3111,43026,,2.0
25230,2015-11-27,2015-12-02,3,303,17,3111,42791,258.28,
25365,2017-07-12,2017-07-17,2,2674,17,3111,42993,,1.0
25378,2018-06-06,2018-06-10,3,1315,17,3111,42966,,
25383,2018-11-15,2018-11-20,2,3306,17,3111,42988,598.0,
25406,2017-10-04,2017-10-11,2,3291,17,3111,43028,,1.0
25444,2015-08-10,2015-08-13,3,23,17,3558,42769,3039.08,
25454,2019-08-29,2019-09-07,2,9,17,3558,42846,,2.0
25475,2016-04-14,2016-04-19,1,617,17,3558,42763,,3.0
25493,2018-11-21,2018-11-28,3,332,17,3558,42767,,3.0
25503,2019-11-23,2019-11-24,3,2952,17,3558,42813,377.96,
25590,2015-07-16,2015-07-20,3,635,17,3558,42990,353.0,
25596,2016-09-16,2016-09-21,2,73,17,3558,42979,113.0,
25604,2017-08-19,2017-08-22,1,1587,17,3558,43000,,2.0
25634,2018-05-28,2018-06-01,3,1569,17,3558,43039,815.0,
25656,2020-01-21,2020-01-24,2,152,17,3167,42781,2098.8,
25670,2016-09-23,2016-09-24,3,1505,17,3167,42970,3001.0,
25677,2018-08-14,2018-08-22,3,727,17,3167,42761,1384.46,
25687,2015-09-28,2015-10-07,3,1489,17,3167,42889,,3.0
25720,2017-09-05,2017-09-08,1,2876,17,3167,42799,1536.04,
25748,2015-12-23,2015-12-28,3,267,17,3167,42870,178.0,
25785,2015-07-09,2015-07-14,3,1334,17,3167,42939,2915.0,
25804,2017-11-16,2017-11-19,2,879,17,3167,42928,123.0,
25806,2018-01-17,2018-01-20,2,3284,17,3167,42893,,2.0
25850,2018-08-14,2018-08-19,1,2848,17,3167,42977,,2.0
25864,2019-12-24,2019-12-31,2,2685,17,3167,42974,214.0,
25905,2018-07-12,2018-07-13,2,417,18,3712,42796,,2.0
25939,2018-07-31,2018-08-09,1,2739,18,3712,42972,2741.0,
25991,2016-08-13,2016-08-17,3,1676,18,3712,42842,353.32,
26008,2018-04-09,2018-04-16,3,2886,18,3712,42846,2846.58,
26021,2020-01-27,2020-01-31,2,2936,18,3712,42859,,2.0
26030,2016-02-01,2016-02-03,2,2687,18,3712,42903,,1.0
26076,2016-09-10,2016-09-15,3,3013,18,3712,42959,4141.0,
26122,2019-01-28,2019-02-07,3,2797,18,3712,43027,,20.0
26139,2017-05-12,2017-05-20,3,129,18,3502,42817,813.12,
26144,2018-09-19,2018-09-22,1,1478,18,3502,42821,653.62,
26220,2015-06-29,2015-07-07,1,198,18,3502,42830,,1.0
26240,2017-09-30,2017-10-01,1,490,18,3502,42869,,1.0
26249,2018-04-14,2018-04-19,2,1547,18,3502,42876,,2.0
26264,2020-01-16,2020-01-19,2,363,18,3502,42834,818.84,
26270,2015-05-05,2015-05-10,2,1050,18,3502,42913,1357.0,
26295,2019-01-05,2019-01-10,2,1793,18,3502,42900,,3.0
26332,2018-12-18,2018-12-20,1,1312,18,3502,42989,,1.0
26343,2020-02-03,2020-02-08,2,1221,18,3502,42989,,2.0
26354,2017-08-19,2017-08-26,2,211,18,3502,43022,,1.0
26361,2019-10-25,2019-11-01,3,1846,18,3502,43037,,2.0
26363,2019-12-28,2020-01-05,3,965,18,3502,43029,,1.0
26373,2020-03-04,2020-03-07,2,2760,18,3502,42870,178.0,
26406,2018-07-10,2018-07-19,3,1586,18,3481,42856,481.0,
26425,2015-04-15,2015-04-20,1,1087,18,3481,42763,2118.38,
26433,2016-08-11,2016-08-12,1,2532,18,3481,42793,,2.0
26503,2020-01-16,2020-01-19,2,363,18,3481,42834,,1.0
26507,2015-03-18,2015-03-23,1,1048,18,3481,42903,,3.0
26567,2016-04-08,2016-04-13,3,2653,18,3481,42989,413.0,
26611,2019-01-28,2019-02-07,2,2797,18,3481,43027,461.0,
26654,2017-04-22,2017-04-25,1,1660,18,3664,42866,,1.0
26689,2018-09-15,2018-09-17,2,2675,18,3664,42812,376.64,
26715,2016-04-09,2016-04-13,1,1131,18,3664,42871,560.0,
26767,2017-07-27,2017-08-04,3,535,18,3664,42922,741.0,
26781,2019-04-25,2019-05-05,2,1734,18,3664,42926,,1.0
26813,2017-10-27,2017-11-01,2,3163,18,3664,42958,,2.0
26820,2018-08-27,2018-08-30,1,2776,18,3664,42980,114.0,
26872,2018-10-16,2018-10-17,2,626,18,3859,42821,653.62,
26874,2016-02-29,2016-03-01,3,681,18,3859,42903,,1.0
26929,2018-05-16,2018-05-20,2,779,18,3859,42761,1384.46,
26954,2016-02-06,2016-02-10,1,1186,18,3859,42872,560.0,
26963,2017-02-17,2017-02-24,3,1649,18,3859,42838,897.38,
26989,2019-06-17,2019-06-21,1,1852,18,3859,42846,2846.58,
27035,2019-10-14,2019-10-18,2,1817,18,3859,42945,3210.0,
27098,2019-12-28,2020-01-05,2,965,18,3859,43029,,2.0
27110,2019-08-22,2019-08-25,2,2975,19,3250,42811,,2.0
27126,2019-10-01,2019-10-04,3,2991,19,3250,42926,,1.0
27187,2019-10-24,2019-10-28,2,2712,19,3250,42789,,3.0
27193,2015-06-25,2015-06-26,3,946,19,3250,42859,,2.0
27261,2018-09-18,2018-09-23,2,211,19,3250,42933,1154.0,
27284,2016-04-29,2016-05-06,1,209,19,3250,43011,,2.0
27295,2017-02-07,2017-02-09,3,1813,19,3250,43003,,3.0
27319,2019-09-06,2019-09-16,2,229,19,3250,42974,,2.0
27330,2016-08-08,2016-08-09,1,128,19,3250,43039,815.0,
27370,2017-03-07,2017-03-16,3,327,20,3186,42766,7011.62,
27477,2019-10-19,2019-10-24,1,212,20,3186,42847,2846.58,
27495,2016-10-17,2016-10-25,1,2984,20,3186,42940,,1.0
27544,2017-08-01,2017-08-03,3,1374,20,3186,43007,407.0,
27552,2018-08-03,2018-08-11,1,1141,20,3186,42984,258.0,
27607,2020-03-13,2020-03-16,3,69,20,3186,42918,789.0,
27694,2015-04-23,2015-04-26,3,3361,20,3752,42862,512.0,
27705,2015-10-10,2015-10-15,3,1627,20,3752,42866,199.0,
27716,2017-09-21,2017-09-26,2,596,20,3752,42822,,2.0
27724,2018-06-11,2018-06-13,1,159,20,3752,42865,,2.0
27728,2018-10-25,2018-10-28,2,729,20,3752,42879,560.0,
27758,2017-09-19,2017-09-20,1,400,20,3752,42893,515.0,
27767,2019-04-10,2019-04-14,2,57,20,3752,42905,,2.0
27782,2015-09-15,2015-09-16,3,1190,20,3752,42976,,2.0
27810,2018-09-08,2018-09-12,1,1609,20,3752,42961,,
27829,2020-05-29,2020-06-03,1,1702,20,3752,42995,,2.0
27850,2020-02-11,2020-02-13,2,1153,20,3752,42914,,2.0
27862,2020-04-30,2020-05-02,2,1473,20,3752,43028,942.0,
27872,2019-06-06,2019-06-14,2,2646,20,3082,42861,542.0,
27878,2015-04-04,2015-04-12,1,669,20,3082,42983,,3.0
27880,2017-05-26,2017-05-27,1,2821,20,3082,42991,438.0,
27888,2015-12-19,2015-12-22,3,400,20,3082,42755,1079.32,
27951,2016-01-07,2016-01-09,2,485,20,3082,42845,823.24,
27974,2018-10-18,2018-10-19,1,1497,20,3082,42819,,2.0
27987,2015-08-07,2015-08-17,3,796,20,3082,42943,,2.0
27998,2017-08-21,2017-08-26,2,730,20,3082,42887,498.0,
28011,2019-06-22,2019-06-26,2,1528,20,3082,42945,3210.0,
28021,2015-07-04,2015-07-08,1,371,20,3082,42971,2762.0,
28036,2017-01-16,2017-01-21,2,194,20,3082,43012,,1.0
28041,2017-12-02,2017-12-07,1,1371,20,3082,42997,485.0,
28113,2018-05-26,2018-06-03,3,1644,20,3186,43016,454.0,
28137,2017-10-14,2017-10-20,3,1081,20,3186,42979,,2.0
28165,2019-09-02,2019-09-07,3,3407,20,3186,42795,,2.0
28174,2015-03-10,2015-03-17,3,1626,20,3186,42873,,1.0
28184,2015-10-10,2015-10-15,3,1627,20,3186,42866,199.0,
28201,2017-12-23,2017-12-28,2,861,20,3186,42863,,3.0
28223,2015-01-07,2015-01-08,1,433,20,3186,42947,,2.0
28237,2017-06-06,2017-06-11,1,538,20,3186,42919,,
28239,2017-08-15,2017-08-20,3,713,20,3186,42943,2190.0,
28261,2015-10-26,2015-10-28,3,340,20,3186,42977,,3.0
28290,2019-03-04,2019-03-09,3,412,20,3186,42967,3365.0,
28311,2016-11-26,2016-11-30,3,3091,20,3186,43019,413.0,
28330,2020-04-16,2020-04-18,1,2886,20,3186,42851,137.0,
28393,2015-05-18,2015-05-19,2,890,21,3300,42767,,3.0
28399,2016-09-27,2016-10-02,2,3333,21,3300,42788,421.96,
28421,2015-03-12,2015-03-17,2,1201,21,3300,42823,,3.0
28432,2016-09-07,2016-09-11,2,1521,21,3300,42884,498.0,
28441,2018-01-04,2018-01-11,2,3066,21,3300,42832,818.84,
28473,2016-06-17,2016-06-18,2,1826,21,3300,42948,,20.0
28478,2016-11-24,2016-11-29,2,3398,21,3300,42899,,1.0
28488,2018-02-19,2018-02-27,2,1096,21,3300,42939,2915.0,
28494,2019-03-20,2019-03-22,2,902,21,3300,42942,2749.0,
28586,2020-03-06,2020-03-07,2,3127,21,3300,42857,542.0,
28613,2017-12-08,2017-12-16,2,1122,21,3363,42995,364.0,
28615,2020-01-01,2020-01-09,2,854,21,3363,43012,510.0,
28619,2015-06-18,2015-06-24,2,1056,21,3363,42828,,2.0
28649,2016-03-03,2016-03-07,2,1078,21,3363,42765,1938.42,
28665,2019-04-25,2019-05-02,2,376,21,3363,42763,,3.0
28736,2016-06-17,2016-06-18,2,1826,21,3363,42948,,1.0
28783,2016-11-05,2016-11-08,2,132,21,3363,43010,387.0,
28818,2016-07-11,2016-07-15,2,920,21,3363,43018,,2.0
28856,2016-11-18,2016-11-19,2,1382,21,3099,42886,,2.0
28886,2019-07-19,2019-07-27,2,1550,21,3099,42940,,2.0
28895,2015-01-29,2015-01-30,2,587,21,3099,42818,,2.0
28935,2015-12-19,2015-12-23,2,835,21,3099,42830,486.42,
29022,2020-04-15,2020-04-23,2,2710,21,3099,42903,269.0,
29023,2015-01-13,2015-01-18,2,692,21,3099,43013,,1.0
29024,2015-02-23,2015-02-26,2,859,21,3099,43000,374.0,
29025,2015-04-25,2015-04-28,2,1566,21,3099,42963,,2.0
29026,2015-05-21,2015-05-28,2,2697,21,3099,42994,,3.0
29037,2016-08-22,2016-08-25,2,3244,21,3099,42972,,3.0
29050,2018-02-20,2018-02-25,2,1736,21,3099,42985,1456.0,
29088,2020-02-13,2020-02-18,2,1565,21,3099,42981,,3.0
29096,2020-04-17,2020-04-23,2,2699,21,3099,43038,,2.0
29102,2017-03-10,2017-03-11,2,1720,21,3303,42824,,2.0
29167,2017-09-16,2017-09-21,2,2371,21,3303,42759,1800.48,
29200,2016-12-17,2016-12-18,2,686,21,3303,42850,,2.0
29330,2017-10-20,2017-10-24,2,2640,21,3303,43043,115900.0,
29355,2015-01-19,2015-01-27,2,469,21,3339,42887,498.0,
29362,2019-03-07,2019-03-10,2,1876,21,3339,42948,,2.0
29365,2015-07-07,2015-07-15,2,984,21,3339,43016,,2.0
29385,2017-02-15,2017-02-23,2,1834,21,3339,42910,,2.0
29390,2018-12-19,2018-12-22,2,1254,21,3339,42973,123.0,
29415,2016-11-22,2016-11-30,2,3355,21,3339,42791,,2.0
29439,2020-02-19,2020-02-24,2,483,21,3339,42785,,2.0
29442,2015-05-30,2015-06-04,2,2926,21,3339,42823,,2.0
29457,2016-11-09,2016-11-10,2,2340,21,3339,42856,481.0,
29476,2019-06-14,2019-06-15,2,2667,21,3339,42848,,3.0
29540,2015-06-16,2015-06-19,2,1207,21,3339,42972,2741.0,
29578,2019-05-24,2019-05-25,2,1108,21,3339,42968,3445.0,
29621,2020-05-01,2020-05-04,2,1063,21,3339,42928,123.0,
29641,2016-08-25,2016-09-02,2,2820,21,3766,42961,,3.0
29676,2016-01-25,2016-01-27,2,576,21,3766,42791,258.28,
29699,2019-03-12,2019-03-16,2,1578,21,3766,42812,,2.0
29714,2016-01-18,2016-01-19,2,1480,21,3766,42865,,3.0
29718,2016-04-23,2016-04-30,2,430,21,3766,42839,353.32,
29757,2015-05-23,2015-05-28,2,2917,21,3766,42928,123.0,
29770,2016-06-17,2016-06-18,2,1826,21,3766,42948,,3.0
29793,2019-06-28,2019-06-30,2,132,21,3766,42904,135.0,
29810,2016-04-05,2016-04-06,2,1811,21,3766,42957,2789.0,
29821,2017-11-11,2017-11-15,2,738,21,3766,42963,,2.0
29878,2018-03-22,2018-03-23,2,48,22,3576,42860,,2.0
29934,2017-05-11,2017-05-16,2,559,22,3576,42768,,1.0
29985,2017-05-27,2017-06-03,2,1141,22,3576,42876,560.0,
30013,2015-08-10,2015-08-12,2,8,22,3576,42938,2679.0,
30024,2016-12-09,2016-12-10,2,2852,22,3576,42887,,2.0
30025,2017-03-22,2017-03-23,2,906,22,3576,42934,1789.0,
30038,2018-07-02,2018-07-07,2,1304,22,3576,42893,,1.0
30045,2019-02-25,2019-03-01,2,1519,22,3576,42892,,2.0
30102,2017-12-20,2017-12-25,2,1835,22,3576,43031,1191.0,
30174,2018-12-26,2019-01-03,2,1675,22,3643,43005,,2.0
30183,2015-08-28,2015-09-02,2,1557,22,3643,42760,,1.0
30191,2017-01-23,2017-01-25,2,543,22,3643,42765,1938.42,
30233,2016-09-14,2016-09-15,2,434,22,3643,42837,430.32,
30288,2018-03-03,2018-03-07,2,568,22,3643,42949,,2.0
30351,2020-05-28,2020-06-02,2,1827,22,3643,43002,,2.0
30396,2015-05-15,2015-05-18,3,873,23,3876,42953,,2.0
30438,2015-03-14,2015-03-19,3,2758,23,3876,42787,,3.0
30442,2015-10-09,2015-10-10,3,2773,23,3876,42793,871.86,
30451,2017-02-09,2017-02-14,1,1415,23,3876,42771,,2.0
30481,2016-01-23,2016-01-28,3,406,23,3876,42849,1542.0,
30518,2016-08-01,2016-08-08,3,281,23,3876,42948,,1.0
30535,2018-07-19,2018-07-21,3,222,23,3876,42892,515.0,
30567,2018-02-01,2018-02-06,2,1679,23,3876,43011,387.0,
30570,2018-10-02,2018-10-07,3,965,23,3876,42952,3978.0,
30579,2019-08-17,2019-08-22,1,679,23,3876,42965,2281.0,
30635,2017-06-06,2017-06-09,1,169,23,3504,42898,515.0,
30655,2016-08-04,2016-08-10,1,2675,23,3504,42874,560.0,
30697,2018-02-12,2018-02-20,3,143,23,3504,42796,457.82,
30773,2015-11-28,2015-12-03,1,1586,23,3504,42897,515.0,
30847,2017-06-05,2017-06-10,1,1078,23,3504,43037,1137.0,
30870,2015-03-14,2015-03-22,3,655,23,3166,42829,,2.0
30885,2015-07-10,2015-07-13,3,1053,23,3166,42961,2867.0,
30906,2016-03-07,2016-03-13,1,1738,23,3166,42850,,
30924,2016-11-01,2016-11-09,3,2947,23,3166,43026,530.0,
30941,2017-10-09,2017-10-12,3,869,23,3166,42756,638.66,
30951,2018-08-03,2018-08-08,3,244,23,3166,42763,,2.0
30957,2019-03-20,2019-03-24,2,103,23,3166,42771,,3.0
30960,2019-07-11,2019-07-16,2,3389,23,3166,42783,,2.0
30968,2015-01-30,2015-02-04,3,2635,23,3166,42826,,1.0
30988,2017-09-25,2017-09-28,3,1303,23,3166,42827,512.38,
30998,2018-11-02,2018-11-06,3,1269,23,3166,42831,,3.0
31015,2015-11-24,2015-11-28,3,950,23,3166,42943,2190.0,
31026,2017-03-29,2017-04-05,2,1292,23,3166,42914,1489.0,
31037,2018-05-29,2018-05-30,2,872,23,3166,42943,,2.0
31054,2020-04-07,2020-04-12,2,636,23,3166,42893,,3.0
31087,2019-09-09,2019-09-14,2,1024,23,3166,42958,3763.0,
31089,2019-12-27,2019-12-28,2,826,23,3166,42952,,1.0
31101,2015-10-05,2015-10-09,1,161,23,3166,43019,413.0,
31112,2019-05-20,2019-05-21,3,3199,23,3166,43026,530.0,
31149,2019-07-20,2019-07-29,3,3361,23,3412,42758,1819.18,
31153,2016-08-04,2016-08-10,3,2675,23,3412,42874,560.0,
31200,2019-09-30,2019-10-01,3,2790,23,3412,42764,1385.78,
31210,2015-12-17,2015-12-24,3,2933,23,3412,42848,158800.0,
31247,2016-08-01,2016-08-08,3,281,23,3412,42948,2786.0,
31273,2018-11-09,2018-11-12,2,1806,23,3412,42912,,2.0
31329,2017-06-05,2017-06-10,2,1078,23,3412,43037,,3.0
31330,2018-02-03,2018-02-08,1,404,23,3412,43031,1191.0,
31347,2020-04-21,2020-04-29,2,924,23,3412,42871,560.0,
31365,2018-10-26,2018-10-29,1,1542,23,3346,42924,,1.0
31384,2018-05-23,2018-05-26,2,36,23,3346,42874,560.0,
31387,2019-11-05,2019-11-11,2,3380,23,3346,42832,,2.0
31390,2017-11-24,2017-12-02,3,3310,23,3346,42890,515.0,
31408,2016-11-16,2016-11-24,2,1614,23,3346,42797,,1.0
31424,2019-06-22,2019-06-26,1,374,23,3346,42783,,2.0
31435,2015-03-27,2015-04-01,3,2800,23,3346,42871,,2.0
31440,2015-10-17,2015-10-21,3,978,23,3346,42859,610.0,
31509,2019-08-05,2019-08-10,3,3369,23,3346,42941,2971.0,
31523,2016-12-06,2016-12-07,3,3305,23,3346,42952,,30.0
31536,2018-03-23,2018-03-30,3,547,23,3346,42953,3620.0,
31584,2016-08-13,2016-08-14,2,1222,23,3537,42812,376.64,
31616,2015-02-28,2015-03-08,3,3366,23,3537,42842,,3.0
31619,2016-12-21,2016-12-30,3,54,23,3537,42883,498.0,
31634,2019-10-04,2019-10-12,1,3248,23,3537,42986,,2.0
31652,2017-10-25,2017-11-04,2,377,23,3537,42799,,2.0
31666,2019-09-30,2019-10-01,1,2790,23,3537,42764,1385.78,
31679,2016-02-11,2016-02-18,1,3160,23,3537,42867,199.0,
31718,2015-09-10,2015-09-17,1,185,23,3537,42923,753.0,
31744,2019-08-12,2019-08-19,3,1357,23,3537,42941,,2.0
31749,2020-01-02,2020-01-05,2,819,23,3537,42924,,2.0
31756,2015-09-18,2015-09-22,1,609,23,3537,42960,,2.0
31769,2017-12-25,2017-12-27,2,160,23,3537,42986,354.0,
31773,2018-10-02,2018-10-07,2,965,23,3537,42952,3978.0,
31804,2020-02-22,2020-02-25,2,2456,23,3537,42793,,2.0
31894,2015-03-27,2015-04-01,1,2800,23,3603,42871,,
31920,2018-05-26,2018-05-28,2,1790,23,3603,42877,,1.0
31975,2019-05-16,2019-05-21,2,3223,23,3603,42894,515.0,
32010,2018-10-16,2018-10-23,2,789,23,3603,43015,483.0,
32056,2015-04-13,2015-04-14,1,3143,23,3054,42862,512.0,
32084,2018-03-01,2018-03-10,2,1200,23,3054,42907,456.0,
32101,2015-05-22,2015-05-27,3,3004,23,3054,42780,4028.86,
32109,2016-08-19,2016-08-27,2,2925,23,3054,42813,377.96,
32148,2017-12-27,2018-01-01,1,2765,23,3054,42849,1542.0,
32151,2018-07-19,2018-07-24,3,1393,23,3054,42872,,3.0
32160,2019-07-06,2019-07-14,1,1467,23,3054,42843,,
32171,2015-05-12,2015-05-14,1,1449,23,3054,42944,,2.0
32192,2018-07-19,2018-07-21,1,222,23,3054,42892,515.0,
32220,2017-09-18,2017-09-26,2,99,23,3054,42967,,2.0
32254,2017-12-02,2017-12-09,1,2927,23,3054,43032,,2.0
32271,2020-04-13,2020-04-18,2,1699,23,3054,42920,,3.0
32276,2016-11-08,2016-11-11,2,2925,24,3751,42761,1384.46,
32294,2018-06-07,2018-06-08,1,833,24,3751,42984,,1.0
32310,2018-05-04,2018-05-07,2,3394,24,3751,42847,,1.0
32362,2019-04-12,2019-04-14,3,16,24,3751,42796,,1.0
32366,2019-09-21,2019-10-01,3,2771,24,3751,42790,,1.0
32377,2015-07-22,2015-07-26,1,1816,24,3751,42841,353.32,
32384,2016-11-22,2016-11-26,1,1715,24,3751,42827,512.38,
32424,2016-03-19,2016-03-24,1,1872,24,3751,42943,,1.0
32456,2015-03-30,2015-04-04,1,2752,24,3751,42954,,2.0
32470,2016-04-26,2016-05-04,3,1175,24,3751,42970,,1.0
32538,2018-02-27,2018-02-28,2,746,24,3855,43032,953.0,
32545,2016-08-19,2016-08-22,3,1067,24,3855,42811,2559.92,
32645,2019-01-03,2019-01-05,1,729,24,3855,42859,610.0,
32660,2020-03-27,2020-04-01,2,385,24,3855,42867,,2.0
32661,2020-04-30,2020-05-07,2,2631,24,3855,42840,,2.0
32667,2015-09-17,2015-09-22,3,1648,24,3855,42913,,2.0
32691,2018-03-28,2018-04-01,2,330,24,3855,42908,,1.0
32693,2018-05-22,2018-06-01,3,855,24,3855,42889,515.0,
32770,2020-01-29,2020-01-31,1,3061,24,3855,42881,498.0,
32785,2015-01-08,2015-01-09,3,2817,24,3919,42875,560.0,
32801,2015-06-12,2015-06-15,3,3220,24,3919,42795,543.18,
32807,2020-01-23,2020-01-31,2,2664,24,3919,42775,,1.0
32833,2017-03-22,2017-03-30,3,78,24,3919,43039,,1.0
32854,2016-12-28,2016-12-30,1,1474,24,3919,42810,,1.0
32861,2018-04-14,2018-04-16,1,48,24,3919,42785,,1.0
32868,2019-03-06,2019-03-07,2,214,24,3919,42813,,2.0
32929,2015-07-03,2015-07-07,3,326,24,3919,42933,,
32932,2015-09-29,2015-10-06,3,244,24,3919,42918,,1.0
32945,2017-04-10,2017-04-11,3,2958,24,3919,42891,515.0,
32947,2017-05-24,2017-05-31,2,1843,24,3919,42907,456.0,
32956,2018-01-30,2018-02-01,2,2989,24,3919,42897,515.0,
32959,2018-03-28,2018-04-01,2,330,24,3919,42908,1478.0,
33029,2019-10-05,2019-10-07,2,1154,24,3919,43041,,1.0
33033,2020-04-03,2020-04-06,2,1384,24,3919,42872,560.0,
33061,2020-02-19,2020-02-20,1,106,24,3595,42999,547.0,
33101,2016-01-22,2016-02-01,1,1327,24,3595,42800,,2.0
33146,2016-07-28,2016-08-02,1,2664,24,3595,42830,486.42,
33165,2015-05-27,2015-06-01,3,1349,24,3595,42919,,1.0
33191,2017-12-05,2017-12-08,2,930,24,3595,42944,3686.0,
33201,2019-06-22,2019-06-29,1,434,24,3595,42899,,2.0
33226,2018-06-16,2018-06-19,1,3184,24,3595,42988,,2.0
33234,2019-02-25,2019-03-04,2,1614,24,3595,42980,114.0,
33282,2016-11-08,2016-11-11,2,2925,24,3816,42761,,3.0
33296,2019-09-09,2019-09-17,2,2874,24,3816,42930,156.0,
33302,2018-06-07,2018-06-08,1,833,24,3816,42984,,3.0
33343,2016-06-04,2016-06-07,2,2742,24,3816,42795,,2.0
33382,2016-05-17,2016-05-24,3,106,24,3816,42848,,3.0
33401,2019-04-23,2019-04-28,2,2667,24,3816,42847,,1.0
33472,2015-11-14,2015-11-19,3,1513,24,3816,42965,,3.0
33473,2015-12-02,2015-12-06,1,2800,24,3816,42954,2554.0,
33493,2018-05-18,2018-05-25,2,310,24,3816,42983,,2.0
33551,2016-10-18,2016-10-26,1,2750,24,3433,42874,560.0,
33569,2015-02-18,2015-02-26,1,1428,24,3433,43018,43700.0,
33572,2015-06-12,2015-06-15,3,3220,24,3433,42795,,3.0
33573,2015-12-03,2015-12-09,2,1533,24,3433,42777,2557.5,
33617,2016-08-05,2016-08-06,3,1833,24,3433,42794,,3.0
33625,2017-03-07,2017-03-14,2,1739,24,3433,42794,,2.0
33627,2017-10-09,2017-10-17,3,839,24,3433,42786,79574.0,
33642,2019-11-25,2019-11-28,2,1818,24,3433,42754,1237.5,
33646,2015-04-17,2015-04-19,1,2982,24,3433,42845,823.24,
33662,2017-02-11,2017-02-14,1,1724,24,3433,42834,818.84,
33683,2015-02-16,2015-02-20,2,258,24,3433,42929,321.0,
33731,2015-06-10,2015-06-14,1,600,24,3433,42975,,1.0
33800,2020-01-29,2020-01-31,2,3061,24,3433,42881,,3.0
33804,2020-03-04,2020-03-14,2,3146,24,3433,42963,2355.0,
33848,2015-10-26,2015-10-29,1,147,24,3603,42923,753.0,
33869,2015-11-03,2015-11-04,1,1328,24,3603,42766,,2.0
33877,2016-08-05,2016-08-06,2,1833,24,3603,42794,,2.0
33882,2016-12-28,2016-12-30,2,1474,24,3603,42810,,2.0
33901,2019-10-29,2019-11-03,2,1452,24,3603,42817,,3.0
33917,2015-11-27,2015-11-28,3,1345,24,3603,42856,481.0,
33980,2018-03-09,2018-03-14,2,1399,24,3603,42915,,3.0
33994,2020-02-20,2020-02-25,2,226,24,3603,42905,456.0,
34000,2015-07-04,2015-07-08,1,1770,24,3603,42998,,1.0
34027,2019-01-12,2019-01-13,2,679,24,3603,42960,,1.0
34028,2019-01-19,2019-01-27,2,1663,24,3603,43000,,3.0
34057,2020-01-23,2020-01-24,1,739,24,3603,43036,744.0,
34059,2020-05-23,2020-05-26,2,627,24,3603,42869,,3.0
34137,2016-04-14,2016-04-16,2,2992,24,3047,42783,2452.34,
34142,2016-06-23,2016-06-26,3,2797,24,3047,42798,,2.0
34187,2016-11-22,2016-11-26,3,1715,24,3047,42827,512.38,
34227,2016-06-30,2016-07-03,3,27,24,3047,42933,,1.0
34255,2018-10-06,2018-10-08,3,2632,24,3047,42931,324.0,
34268,2015-05-14,2015-05-15,3,1756,24,3047,42980,,1.0
34270,2015-08-22,2015-08-26,3,749,24,3047,43011,387.0,
34279,2016-09-10,2016-09-15,1,193,24,3047,42965,2281.0,
34317,2019-07-04,2019-07-06,2,920,24,3047,43033,,2.0
34328,2020-01-29,2020-01-31,2,3061,24,3047,42881,498.0,
34330,2020-01-14,2020-01-16,2,3099,24,3047,42999,547.0,
34357,2018-07-16,2018-07-17,2,951,25,3478,42957,,1.0
34393,2016-08-01,2016-08-06,1,3007,25,3478,42775,3206.06,
34419,2020-02-27,2020-03-01,2,2531,25,3478,42766,,2.0
34502,2019-05-23,2019-05-24,2,347,25,3478,42901,196.0,
34554,2019-06-04,2019-06-14,3,3309,25,3478,42962,2241.0,
34563,2020-05-21,2020-05-28,2,3358,25,3478,43005,,3.0
34583,2018-05-28,2018-06-04,1,541,25,3478,43034,,2.0
34592,2020-01-25,2020-01-28,1,985,25,3478,42914,,2.0
34595,2020-02-10,2020-02-16,2,43,25,3478,42957,2789.0,
34621,2020-02-25,2020-02-28,3,913,25,3287,43031,,
34651,2016-08-19,2016-08-23,1,268,25,3287,42785,,2.0
34656,2017-08-17,2017-08-19,3,1104,25,3287,42782,,3.0
34671,2019-10-31,2019-11-02,2,1579,25,3287,42757,1784.42,
34688,2017-02-10,2017-02-11,3,2851,25,3287,42884,498.0,
34716,2020-03-18,2020-03-21,2,2572,25,3287,42826,537.24,
34725,2016-04-27,2016-05-07,3,1487,25,3287,42947,,3.0
34740,2017-12-28,2017-12-30,3,1353,25,3287,42945,3210.0,
34741,2018-04-16,2018-04-19,1,1270,25,3287,42948,,1.0
34750,2019-06-01,2019-06-02,3,2375,25,3287,42922,,2.0
34774,2016-11-22,2016-11-27,2,1459,25,3287,42963,,1.0
34781,2017-12-06,2017-12-10,3,516,25,3287,42999,547.0,
34813,2015-01-27,2015-02-03,3,38,25,3287,43020,,3.0
34828,2018-04-20,2018-04-21,1,1734,25,3287,43020,562.0,
34851,2016-02-20,2016-02-23,2,1586,25,3916,42913,,2.0
34912,2015-07-27,2015-07-28,1,812,25,3916,42869,,1.0
34915,2015-12-16,2015-12-21,3,1530,25,3916,42831,369.6,
34929,2017-09-07,2017-09-08,1,1386,25,3916,42829,,2.0
34953,2015-02-25,2015-03-02,1,2523,25,3916,42950,2603.0,
34981,2019-01-10,2019-01-15,2,2592,25,3916,42897,,3.0
34987,2019-12-07,2019-12-12,2,1463,25,3916,42918,789.0,
35034,2019-03-23,2019-03-26,2,220,25,3916,42955,2366.0,
35047,2015-02-25,2015-02-28,2,652,25,3916,43031,,3.0
35066,2018-06-08,2018-06-13,3,781,25,3916,43023,,1.0
35070,2020-02-19,2020-02-22,2,1077,25,3916,43006,,1.0
35074,2020-01-13,2020-01-16,2,1653,25,3916,42925,3.0,
35086,2019-04-12,2019-04-15,2,2486,25,3622,42787,,2.0
35113,2019-04-20,2019-04-29,2,382,25,3622,42975,,3.0
35140,2018-04-09,2018-04-17,3,317,25,3622,42810,,1.0
35213,2017-10-25,2017-10-26,1,507,25,3622,42939,,3.0
35232,2019-08-24,2019-08-25,1,2411,25,3622,42901,196.0,
35245,2016-05-06,2016-05-07,1,1700,25,3622,42978,,
35264,2019-01-30,2019-02-01,2,453,25,3622,42955,2366.0,
35313,2019-09-10,2019-09-13,2,3023,25,3950,42818,1907.62,
35360,2016-08-01,2016-08-06,1,3007,25,3950,42775,3206.06,
35379,2019-03-15,2019-03-20,3,2544,25,3950,42782,,3.0
35399,2016-08-26,2016-08-27,3,386,25,3950,42867,,2.0
35434,2019-12-27,2019-12-31,2,2481,25,3950,42836,823.24,
35436,2020-01-22,2020-01-23,2,1055,25,3950,42849,,10.0
35437,2020-02-20,2020-02-25,1,430,25,3950,42819,,3.0
35459,2017-10-25,2017-10-26,1,507,25,3950,42939,2915.0,
35464,2018-02-19,2018-02-24,2,1224,25,3950,42942,2749.0,
35483,2020-05-28,2020-05-31,2,664,25,3950,42891,,2.0
35503,2016-11-22,2016-11-27,3,1459,25,3950,42963,2355.0,
35534,2020-01-10,2020-01-11,2,871,25,3950,42964,2824.0,
35567,2020-01-21,2020-01-29,3,1812,25,3950,43013,354.0,
35605,2016-12-20,2016-12-28,1,1691,25,3599,42933,1154.0,
35680,2018-07-14,2018-07-19,2,1383,25,3599,42833,,3.0
35741,2015-10-12,2015-10-13,2,2781,25,3599,43001,625.0,
35746,2016-05-16,2016-05-21,1,2613,25,3599,42980,114.0,
35789,2015-10-16,2015-10-18,3,42,25,3599,43028,,3.0
35823,2019-04-12,2019-04-15,2,2486,25,3110,42787,,1.0
35832,2019-06-25,2019-07-03,1,2699,25,3110,42863,398.0,
35837,2019-08-14,2019-08-15,1,1386,25,3110,42888,498.0,
35887,2018-04-09,2018-04-17,3,317,25,3110,42810,1282.82,
35899,2020-02-27,2020-03-01,3,2531,25,3110,42766,7011.62,
35916,2017-01-30,2017-02-03,1,2661,25,3110,42865,,3.0
35929,2018-03-21,2018-03-25,1,660,25,3110,42863,,2.0
35946,2020-02-20,2020-02-25,1,430,25,3110,42819,,3.0
35984,2018-11-23,2018-12-01,2,842,25,3110,42887,498.0,
35988,2019-04-27,2019-04-29,2,1006,25,3110,42904,13500.0,
35993,2019-12-04,2019-12-11,3,1247,25,3110,42918,,2.0
35997,2015-03-11,2015-03-21,1,375,25,3110,43011,387.0,
36001,2015-08-05,2015-08-12,2,2953,25,3110,42966,3415.0,
36006,2016-05-16,2016-05-21,1,2613,25,3110,42980,114.0,
36019,2018-01-25,2018-02-01,2,367,25,3110,42965,2281.0,
36021,2018-04-03,2018-04-05,2,2682,25,3110,42975,215.0,
36073,2020-01-10,2020-01-12,2,2358,25,3110,42868,,3.0
36148,2019-01-03,2019-01-06,3,2394,25,3728,42737,,3.0
36204,2020-04-11,2020-04-18,2,2374,25,3728,42848,,1.0
36205,2015-01-02,2015-01-07,3,849,25,3728,42897,,2.0
36207,2015-05-21,2015-05-25,3,520,25,3728,42904,,3.0
36220,2017-02-25,2017-02-27,3,1537,25,3728,42904,,3.0
36276,2019-01-18,2019-01-25,2,1092,25,3728,43007,,2.0
36295,2015-01-27,2015-02-03,3,38,25,3728,43020,,1.0
36298,2015-03-19,2015-03-24,3,1641,25,3728,43031,,3.0
36318,2018-06-08,2018-06-13,2,781,25,3728,43023,64300.0,
36368,2015-05-30,2015-06-04,3,1324,26,3455,42814,369.82,
36410,2016-07-26,2016-08-02,1,681,26,3455,42853,,3.0
36430,2020-01-28,2020-02-01,2,3015,26,3455,42877,560.0,
36495,2017-06-13,2017-06-20,2,1875,26,3455,42987,456.0,
36519,2017-05-15,2017-05-16,2,885,26,3455,43027,,1.0
36528,2020-02-26,2020-02-27,2,1789,26,3455,43021,,2.0
36529,2020-01-04,2020-01-11,2,1299,26,3455,42927,91.0,
36565,2019-11-23,2019-11-29,2,62,26,3032,42762,2106.06,
36579,2019-10-19,2019-10-25,2,731,26,3032,42964,2824.0,
36589,2016-01-25,2016-01-28,1,1842,26,3032,42794,,2.0
36616,2020-01-31,2020-02-05,2,1701,26,3032,42773,8703.64,
36640,2019-04-06,2019-04-11,3,875,26,3032,42819,,2.0
36670,2018-02-15,2018-02-20,2,2918,26,3032,42948,,3.0
36716,2020-02-28,2020-03-04,2,3142,26,3032,42991,438.0,
36725,2017-12-02,2017-12-07,3,296,26,3032,43020,562.0,
36727,2018-08-13,2018-08-15,3,35,26,3032,43019,,2.0
36742,2020-04-15,2020-04-16,2,42,26,3032,42936,,2.0
36789,2017-10-24,2017-10-27,2,240,26,3193,43023,,2.0
36816,2018-11-19,2018-11-26,2,741,26,3193,42812,376.64,
36903,2020-03-13,2020-03-18,2,700,26,3193,42927,,3.0
36915,2016-09-14,2016-09-19,1,1200,26,3193,42963,2355.0,
36963,2020-01-23,2020-01-30,1,1296,26,3193,42848,1588.0,
36972,2020-04-02,2020-04-08,2,1739,26,3193,42881,,2.0
37051,2020-01-10,2020-01-15,2,211,26,3812,42815,,3.0
37112,2018-10-04,2018-10-09,3,1809,26,3812,42885,498.0,
37146,2017-06-13,2017-06-20,2,1875,26,3812,42987,456.0,
37150,2018-03-16,2018-03-19,3,621,26,3812,42974,,2.0
37242,2015-05-22,2015-05-29,2,1861,26,3118,42818,1907.62,
37276,2016-02-13,2016-02-18,1,2618,26,3118,42859,610.0,
37320,2016-11-01,2016-11-02,2,2740,26,3118,42947,,2.0
37327,2018-01-06,2018-01-14,3,3358,26,3118,42913,,2.0
37345,2015-01-27,2015-01-28,1,458,26,3118,42991,438.0,
37354,2016-02-20,2016-02-23,1,911,26,3118,43003,442.0,
37366,2017-12-12,2017-12-15,1,329,26,3118,42984,258.0,
37373,2018-05-24,2018-05-28,1,3007,26,3118,43013,354.0,
37400,2018-05-08,2018-05-10,1,3023,26,3118,43038,,1.0
37499,2015-08-28,2015-08-30,1,108,26,3886,42853,,2.0
37564,2019-08-24,2019-08-27,2,459,26,3886,42904,,1.0
37606,2019-02-22,2019-02-23,2,3063,26,3886,43015,,1.0
37621,2018-12-10,2018-12-15,2,3360,26,3886,43017,358.0,
37701,2017-04-21,2017-04-24,1,403,26,3822,42776,1423.4,
37705,2017-09-20,2017-09-25,3,639,26,3822,42790,762.96,
37727,2015-08-10,2015-08-15,1,1200,26,3822,42882,498.0,
37731,2016-02-13,2016-02-18,1,2618,26,3822,42859,610.0,
37742,2018-09-14,2018-09-22,3,1676,26,3822,42827,512.38,
37758,2015-08-04,2015-08-08,3,713,26,3822,42943,2190.0,
37846,2018-12-10,2018-12-15,1,3360,26,3822,43017,,2.0
37898,2015-03-25,2015-03-30,2,890,26,3875,42817,813.12,
37905,2016-03-21,2016-03-25,1,1126,26,3875,42818,,1.0
37932,2020-01-10,2020-01-15,2,211,26,3875,42815,,2.0
37966,2015-06-08,2015-06-09,1,852,26,3875,42903,269.0,
37975,2016-05-05,2016-05-10,1,2665,26,3875,42928,123.0,
37983,2017-08-18,2017-08-20,3,1019,26,3875,42932,,2.0
38001,2019-10-15,2019-10-18,2,39,26,3875,42923,753.0,
38028,2017-11-23,2017-11-24,3,852,26,3875,42975,,2.0
38040,2019-07-26,2019-08-02,2,1670,26,3875,42975,,2.0
38051,2018-02-06,2018-02-07,2,3159,26,3875,43018,,2.0
38094,2017-10-24,2017-10-27,2,240,26,3230,43023,,1.0
38096,2015-01-17,2015-01-20,3,1389,26,3230,42815,,3.0
38112,2016-11-22,2016-11-27,1,3040,26,3230,42781,2098.8,
38118,2017-12-08,2017-12-11,3,3262,26,3230,42790,,3.0
38139,2015-11-10,2015-11-17,2,2822,26,3230,42820,,3.0
38157,2018-07-19,2018-07-27,1,1528,26,3230,42820,652.74,
38171,2015-04-16,2015-04-21,2,1000,26,3230,42931,,3.0
38207,2015-01-27,2015-01-28,2,458,26,3230,42991,,2.0
38234,2018-03-30,2018-04-04,2,1849,26,3230,42980,,1.0
38285,2015-09-18,2015-09-26,3,1167,27,3929,42864,199.0,
38313,2019-02-01,2019-02-10,3,2712,27,3929,42758,,
38351,2017-08-10,2017-08-15,1,673,27,3929,42754,,2.0
38428,2016-02-10,2016-02-18,1,778,27,3929,42888,,2.0
38442,2017-02-17,2017-02-18,2,3038,27,3929,42935,,2.0
38446,2017-10-27,2017-10-31,1,3262,27,3929,42946,2173.0,
38504,2019-09-19,2019-09-26,2,2812,27,3929,43002,,2.0
38506,2019-11-16,2019-11-24,1,3347,27,3929,43010,387.0,
38514,2015-06-29,2015-07-01,1,805,27,3929,43038,,2.0
38525,2019-07-26,2019-08-03,1,2752,27,3929,43017,358.0,
38560,2019-04-12,2019-04-20,2,3387,27,3562,43004,373.0,
38609,2017-06-14,2017-06-19,3,528,27,3562,42780,,1.0
38612,2017-11-09,2017-11-17,2,3241,27,3562,42784,,1.0
38681,2019-10-07,2019-10-11,2,2573,27,3562,42849,,1.0
38690,2020-05-28,2020-06-02,2,550,27,3562,42835,,1.0
38731,2019-03-18,2019-03-19,3,1842,27,3562,42922,,1.0
38733,2019-08-01,2019-08-05,2,385,27,3562,42895,515.0,
38768,2018-12-31,2019-01-04,2,2343,27,3562,42970,,3.0
38769,2019-01-05,2019-01-10,2,3036,27,3562,43006,,3.0
38781,2020-04-18,2020-04-19,2,1178,27,3562,42963,,2.0
38791,2016-10-26,2016-10-27,3,115,27,3562,43035,,1.0
38809,2020-05-15,2020-05-20,2,1369,27,3562,42824,584.76,
38817,2018-02-13,2018-02-14,3,3281,27,3504,42900,,2.0
38820,2020-05-30,2020-06-07,2,374,27,3504,42903,,2.0
38839,2017-10-31,2017-11-06,3,693,27,3504,42882,,1.0
38895,2015-05-26,2015-05-31,1,1391,27,3504,42845,823.24,
38947,2016-06-07,2016-06-15,1,2566,27,3504,42944,,3.0
38950,2016-08-02,2016-08-07,2,2922,27,3504,42947,2974.0,
39010,2017-07-14,2017-07-15,2,419,27,3504,42961,2867.0,
39016,2018-02-20,2018-02-25,2,1473,27,3504,42982,13.0,
39019,2018-07-20,2018-07-23,3,2647,27,3504,42969,3839.0,
39043,2016-03-02,2016-03-07,3,1259,27,3504,43030,,3.0
39065,2020-01-03,2020-01-08,3,1256,27,3504,42976,216.0,
39068,2020-03-09,2020-03-18,2,2386,27,3504,42907,456.0,
39081,2016-03-26,2016-04-03,2,1617,27,3796,42905,,1.0
39088,2017-11-01,2017-11-09,3,1009,27,3796,42975,215.0,
39172,2015-10-10,2015-10-11,1,1016,27,3796,42846,,2.0
39179,2016-07-11,2016-07-21,3,1726,27,3796,42868,,2.0
39184,2017-07-05,2017-07-15,3,5,27,3796,42864,,1.0
39200,2019-02-05,2019-02-12,2,490,27,3796,42826,,3.0
39236,2017-08-31,2017-09-07,3,1335,27,3796,42938,2679.0,
39244,2018-11-06,2018-11-07,2,1503,27,3796,42945,3210.0,
39267,2016-01-02,2016-01-09,3,206,27,3796,43005,421.0,
39311,2015-01-05,2015-01-08,1,2689,27,3796,43033,,3.0
39388,2017-06-28,2017-07-07,2,584,27,3588,42850,279.0,
39410,2015-01-29,2015-02-03,1,886,27,3588,42766,,3.0
39420,2016-11-09,2016-11-10,3,631,27,3588,42772,,3.0
39424,2017-01-17,2017-01-22,1,3371,27,3588,42818,,2.0
39450,2020-05-23,2020-05-24,2,440,27,3588,42754,,3.0
39452,2015-02-06,2015-02-11,1,2461,27,3588,42844,1810.38,
39505,2016-04-30,2016-05-05,3,1839,27,3588,42900,,1.0
39556,2016-04-05,2016-04-09,3,1465,27,3588,42975,215.0,
39559,2016-07-20,2016-07-23,3,342,27,3588,43004,373.0,
39566,2017-10-23,2017-10-30,3,2855,27,3588,42975,215.0,
39600,2016-05-25,2016-05-28,2,256,27,3588,43018,,2.0
39631,2018-10-05,2018-10-08,2,1575,29,3022,42816,1254.88,
39661,2016-10-17,2016-10-20,2,1170,29,3022,42832,818.84,
39670,2016-09-14,2016-09-20,1,3020,29,3022,42951,,3.0
39684,2017-01-12,2017-01-20,1,1756,29,3022,42786,795.74,
39727,2018-02-22,2018-02-27,1,2928,29,3022,42822,816.86,
39761,2018-03-13,2018-03-18,2,2934,29,3022,42919,,1.0
39766,2019-08-12,2019-08-16,2,1874,29,3022,42929,,2.0
39825,2020-05-07,2020-05-13,2,2813,29,3022,42840,353.32,
39829,2018-02-01,2018-02-09,3,868,29,3875,42761,1384.46,
39842,2017-08-01,2017-08-04,2,340,29,3875,42920,789.0,
39857,2016-10-05,2016-10-14,3,3254,29,3875,42811,,3.0
39872,2017-10-18,2017-10-26,1,3060,29,3875,42896,,2.0
39881,2019-06-03,2019-06-12,2,504,29,3875,43032,,1.0
39906,2019-06-03,2019-06-07,2,1569,29,3875,42774,,2.0
39928,2016-08-19,2016-08-24,1,3308,29,3875,42848,,2.0
39944,2018-05-04,2018-05-07,1,1360,29,3875,42821,,2.0
40019,2019-04-16,2019-04-18,3,684,29,3875,42964,2824.0,
40027,2015-03-24,2015-03-31,2,3063,29,3875,43020,562.0,
40047,2020-01-01,2020-01-07,3,1385,29,3875,42859,,2.0
40048,2020-02-08,2020-02-11,3,753,29,3875,42931,324.0,
40070,2020-02-08,2020-02-16,2,975,29,3371,42952,,2.0
40098,2017-07-15,2017-07-23,1,3396,29,3371,42986,354.0,
40134,2015-09-28,2015-10-05,3,3165,29,3371,42872,560.0,
40151,2018-06-08,2018-06-13,2,1427,29,3371,42821,653.62,
40157,2018-11-26,2018-12-01,2,514,29,3371,42826,,2.0
40175,2015-12-14,2015-12-18,3,1081,29,3371,42923,753.0,
40178,2016-02-19,2016-02-24,3,377,29,3371,42899,,2.0
40219,2018-11-26,2018-12-01,1,3070,29,3371,42995,364.0,
40221,2019-04-16,2019-04-18,1,684,29,3371,42964,2824.0,
40236,2018-12-05,2018-12-10,3,3028,29,3371,43040,,2.0
40286,2017-02-10,2017-02-16,1,3323,29,3836,42897,515.0,
40333,2016-05-16,2016-05-21,1,705,29,3836,42843,,2.0
40369,2019-11-27,2019-11-28,2,903,29,3836,42823,,3.0
40391,2017-10-23,2017-10-31,2,2976,29,3836,42902,25800.0,
40509,2017-11-27,2017-12-06,2,1423,30,3346,43013,354.0,
40523,2016-10-12,2016-10-13,2,2784,30,3346,42769,,2.0
40525,2016-12-16,2016-12-17,3,728,30,3346,42788,421.96,
40535,2018-08-01,2018-08-09,2,614,30,3346,42768,,2.0
40549,2020-03-24,2020-03-31,1,1631,30,3346,42757,1784.42,
40606,2016-05-19,2016-05-24,3,2702,30,3346,42947,,2.0
40618,2017-09-01,2017-09-05,1,2979,30,3346,42914,,3.0
40650,2015-07-04,2015-07-12,1,1234,30,3346,43016,,3.0
40667,2017-08-26,2017-08-30,3,419,30,3346,43008,,1.0
40668,2017-09-26,2017-10-01,3,2934,30,3346,42977,,2.0
40685,2019-06-21,2019-06-26,1,356,30,3346,42958,,
40691,2019-12-05,2019-12-09,2,472,30,3346,43002,414.0,
40726,2020-01-01,2020-01-04,2,103,30,3600,42817,,3.0
40728,2016-10-11,2016-10-12,3,1325,30,3600,42851,137.0,
40764,2016-05-23,2016-05-28,2,2818,30,3600,42776,,1.0
40776,2018-04-11,2018-04-16,2,1186,30,3600,42759,1800.48,
40782,2018-12-01,2018-12-03,2,2896,30,3600,42766,7011.62,
40802,2015-10-02,2015-10-03,3,1202,30,3600,42842,353.32,
40829,2019-02-15,2019-02-18,1,1047,30,3600,42875,,3.0
40875,2019-12-06,2019-12-07,2,3230,30,3600,42906,,1.0
40892,2017-02-20,2017-02-27,3,1531,30,3600,42988,,1.0
40900,2017-10-21,2017-10-22,3,969,30,3600,42993,507.0,
40938,2020-02-07,2020-02-10,2,2532,30,3600,42911,1789.0,
40942,2020-05-04,2020-05-10,3,1840,30,3600,42920,,1.0
40967,2018-09-04,2018-09-13,1,1768,30,3429,42765,1938.42,
40977,2015-01-05,2015-01-13,1,2993,30,3429,42886,,2.0
41052,2017-08-11,2017-08-16,2,628,30,3429,42826,,2.0
41086,2017-06-17,2017-06-21,2,2768,30,3429,42918,,2.0
41098,2019-03-01,2019-03-08,2,114,30,3429,42889,,3.0
41171,2020-02-07,2020-02-10,1,2532,30,3429,42911,,1.0
41190,2018-09-19,2018-09-22,2,1435,30,3734,42911,1789.0,
41206,2020-01-20,2020-01-26,2,181,30,3734,42854,,2.0
41212,2018-07-10,2018-07-19,2,1545,30,3734,42950,,3.0
41231,2016-07-30,2016-08-03,3,1462,30,3734,42800,,1.0
41252,2020-04-23,2020-04-28,2,783,30,3734,42800,1642.74,
41257,2015-09-03,2015-09-04,3,2586,30,3734,42843,684.2,
41260,2015-11-24,2015-11-28,1,995,30,3734,42846,,2.0
41271,2017-04-21,2017-04-23,2,1725,30,3734,42855,1130.0,
41289,2019-08-16,2019-08-21,2,1216,30,3734,42820,652.74,
41303,2017-04-14,2017-04-15,1,3371,30,3734,42947,,2.0
41346,2016-10-22,2016-10-23,2,2781,30,3734,42997,,2.0
41349,2017-02-20,2017-02-27,3,1531,30,3734,42988,598.0,
41356,2017-07-01,2017-07-05,2,231,30,3734,43004,373.0,
41381,2015-08-15,2015-08-18,3,2733,30,3734,43019,413.0,
41420,2017-04-19,2017-04-20,2,2694,30,3249,42963,,1.0
41438,2018-06-14,2018-06-20,1,1299,30,3249,42848,1588.0,
41442,2015-07-14,2015-07-23,2,1293,30,3249,42893,515.0,
41444,2016-01-27,2016-01-30,1,416,30,3249,42922,,2.0
41463,2017-05-25,2017-05-30,1,329,30,3249,42811,2559.92,
41479,2019-04-12,2019-04-15,2,1233,30,3249,42794,305.36,
41517,2017-12-09,2017-12-11,1,1348,30,3249,42826,,2.0
41548,2016-06-04,2016-06-14,2,1588,30,3249,42890,515.0,
41578,2015-02-02,2015-02-09,3,1451,30,3249,43001,,1.0
41595,2017-04-06,2017-04-11,3,469,30,3249,43000,,2.0
41627,2020-03-11,2020-03-16,1,3345,30,3249,43009,,3.0
41637,2017-04-26,2017-05-01,1,2887,30,3249,43035,1159.0,
41640,2017-10-10,2017-10-18,2,530,30,3249,43021,,2.0
41648,2019-08-08,2019-08-13,3,869,30,3249,43020,,2.0
41690,2019-08-07,2019-08-15,2,1640,31,3613,42874,560.0,
41707,2015-04-17,2015-04-21,3,195,31,3613,42774,6048.9,
41746,2015-05-11,2015-05-16,3,2873,31,3613,42878,560.0,
41829,2015-10-26,2015-10-29,1,1617,31,3613,42961,2867.0,
41873,2015-08-27,2015-08-29,3,3320,31,3613,43036,744.0,
41928,2018-07-26,2018-08-03,1,637,31,3043,42878,,3.0
41934,2017-03-27,2017-04-05,1,290,31,3043,42918,789.0,
41979,2020-03-13,2020-03-18,3,392,31,3043,42755,,1.0
41984,2015-04-16,2015-04-23,1,1722,31,3043,42858,505.0,
41988,2015-08-29,2015-09-03,3,1511,31,3043,42833,,2.0
42028,2020-02-01,2020-02-06,3,1658,31,3043,42841,,3.0
42057,2019-05-03,2019-05-06,1,1196,31,3043,42919,654.0,
42065,2015-01-08,2015-01-09,3,394,31,3043,42992,,1.0
42143,2015-05-28,2015-06-05,3,913,31,3205,42769,3039.08,
42149,2017-07-29,2017-08-06,1,265,31,3205,42898,,2.0
42180,2016-12-31,2017-01-03,1,1640,31,3205,42998,,3.0
42186,2020-02-25,2020-02-28,2,3348,31,3205,42961,2867.0,
42219,2019-08-03,2019-08-06,1,1527,31,3205,42770,,2.0
42232,2015-12-19,2015-12-24,2,1545,31,3205,42876,560.0,
42270,2015-04-04,2015-04-07,2,1503,31,3205,42937,,2.0
42299,2020-02-21,2020-02-26,2,387,31,3205,42887,498.0,
42319,2017-03-03,2017-03-06,3,1066,31,3205,42975,,1.0
42338,2019-07-26,2019-08-03,2,2805,31,3205,42983,354.0,
42355,2017-08-16,2017-08-17,1,1122,31,3205,43039,,3.0
42358,2018-09-25,2018-09-30,1,1023,31,3205,43029,,1.0
42385,2020-06-01,2020-06-10,2,1791,23,3876,42910,,2.0
42439,2020-06-08,2020-06-17,2,545,11,2243,42986,,3.0
42440,2020-06-08,2020-06-12,2,854,11,2191,42797,4845.5,
42447,2020-06-08,2020-06-15,2,2864,24,3595,42883,498.0,
42494,2020-06-09,2020-06-12,2,1133,4,1574,42852,,2.0
42499,2020-06-09,2020-06-11,2,1016,16,1302,42779,,1.0
42574,2020-06-10,2020-06-12,2,1235,19,3250,43028,942.0,
42624,2020-06-11,2020-06-18,2,3367,16,1518,42768,,2.0
42636,2020-06-11,2020-06-14,3,1750,25,3110,42885,,2.0
42637,2020-06-11,2020-06-17,2,2917,26,3144,43028,942.0,
42666,2020-06-16,2020-06-19,2,1306,7,1299,42834,,2.0
42737,2020-06-18,2020-06-26,3,3404,1,1695,42851,,2.0
42752,2020-06-18,2020-06-24,1,835,7,1696,42874,,1.0
42767,2020-06-18,2020-06-25,2,1728,26,3875,42771,2554.2,
42925,2020-06-22,2020-07-01,2,1112,14,1814,42919,654.0,
43006,2020-06-24,2020-06-29,1,1629,30,3773,43013,,2.0
43169,2020-06-30,2020-07-04,2,28,27,3667,42819,,3.0
43311,2020-07-07,2020-07-14,1,1042,3,1815,42898,,1.0
43332,2020-07-07,2020-07-14,2,612,12,2614,42834,,2.0
43347,2020-07-07,2020-07-12,1,1447,26,3812,42813,377.96,
43365,2020-07-08,2020-07-11,2,2952,14,1294,42969,3839.0,
43377,2020-07-08,2020-07-15,2,525,6,1969,43016,454.0,
43405,2020-07-08,2020-07-11,2,3052,23,3810,42934,,3.0
43468,2020-07-09,2020-07-14,2,2917,24,3144,42756,638.66,
43521,2020-07-10,2020-07-18,2,790,20,3186,42754,1237.5,
43522,2020-07-10,2020-07-20,2,1431,20,3082,42831,,2.0
43530,2020-07-10,2020-07-19,1,1592,25,3916,42914,1489.0,
43564,2020-07-11,2020-07-12,2,1003,5,1041,42944,,1.0
43589,2020-07-11,2020-07-14,2,744,20,3485,42969,,3.0
43592,2020-07-11,2020-07-18,1,1702,23,3876,43017,,2.0
43611,2020-07-13,2020-07-20,3,748,2,1961,43002,414.0,
43681,2020-07-18,2020-07-20,2,2755,15,1907,42791,,2.0
43701,2020-07-18,2020-07-20,2,1298,25,3110,42990,353.0,
43741,2020-07-20,2020-07-22,2,642,14,1978,42964,,3.0
43944,2020-07-23,2020-07-30,2,207,16,1334,42810,1282.82,
44074,2020-07-27,2020-08-05,2,1879,19,3481,43037,1137.0,
44078,2020-07-27,2020-08-03,2,810,23,3119,42874,,1.0
44147,2020-07-30,2020-08-02,2,1625,13,1330,42955,2366.0,
44153,2020-07-30,2020-08-04,1,321,14,1931,42872,,3.0
44177,2020-07-30,2020-08-07,2,3398,20,3874,42979,113.0,
44312,2020-08-01,2020-08-04,1,1467,27,3504,42836,823.24,
44337,2020-08-03,2020-08-05,2,1741,1,1674,42907,,2.0
44469,2020-08-06,2020-08-14,2,1687,15,1923,42999,547.0,
44473,2020-08-06,2020-08-12,3,489,20,3082,42998,529.0,
44476,2020-08-06,2020-08-12,2,817,31,3043,42931,,2.0
44567,2020-08-18,2020-08-22,2,1265,22,3979,42980,114.0,
44571,2020-08-19,2020-08-26,3,1770,18,3481,43013,,3.0
44577,2020-08-20,2020-08-24,2,1797,6,1509,42812,376.64,
44578,2020-08-20,2020-08-24,2,1416,20,3663,43036,744.0,
44587,2020-08-21,2020-08-25,1,2911,29,3877,42861,542.0,
44591,2020-08-22,2020-08-30,2,1337,26,3032,42873,560.0,
44633,2020-08-31,2020-09-07,2,10,8,2731,42908,1478.0,
44639,2020-09-01,2020-09-08,2,905,14,1154,42849,1542.0,
44719,2020-09-04,2020-09-11,2,2699,14,1978,43000,,2.0
44725,2020-09-04,2020-09-09,3,29,3,1167,42772,,3.0
44807,2020-09-05,2020-09-13,2,806,23,3810,42961,2867.0,
44812,2020-09-05,2020-09-07,2,765,26,3032,42754,1237.5,
44845,2020-09-07,2020-09-10,2,3271,15,1724,42944,,2.0
44867,2020-09-07,2020-09-12,2,1671,21,3099,42902,,3.0
44869,2020-09-07,2020-09-13,2,1577,21,3766,43011,387.0,
45023,2020-09-09,2020-09-16,2,462,24,3603,42949,,2.0
45138,2020-09-10,2020-09-13,2,3263,21,3363,42783,,2.0
45216,2020-09-11,2020-09-13,2,2388,25,3287,42965,,2.0
45313,2020-09-12,2020-09-19,2,1630,26,3455,42857,542.0,
45363,2020-09-14,2020-09-21,1,1791,11,2580,43018,,1.0
45373,2020-09-14,2020-09-16,2,1408,24,3855,42962,2241.0,
45456,2020-09-16,2020-09-22,2,1901,8,2731,42980,114.0,
45501,2020-09-18,2020-09-22,1,2293,5,1041,42865,,2.0
45516,2020-09-18,2020-09-22,2,1233,19,3250,42850,279.0,
45617,2020-09-21,2020-09-30,3,2993,14,1154,43006,,2.0
45679,2020-09-22,2020-09-26,2,1629,14,1428,42878,,1.0
45697,2020-09-22,2020-09-28,1,3204,8,1677,42792,,1.0
45716,2020-09-22,2020-09-30,2,1374,25,3622,42975,215.0,
45803,2020-09-24,2020-10-03,1,2194,1,1285,42886,,2.0
45823,2020-09-24,2020-10-02,2,1809,16,1303,42797,4845.5,
45848,2020-09-24,2020-10-03,1,819,24,3144,42852,,1.0
45853,2020-09-24,2020-09-26,2,844,26,3455,42776,,2.0
45868,2020-09-25,2020-09-27,2,331,14,1530,43036,744.0,
45886,2020-09-25,2020-10-04,2,782,7,1529,42824,584.76,
45919,2020-09-25,2020-10-04,2,25,31,3032,42801,,3.0
45936,2020-09-26,2020-09-27,2,552,15,1923,42821,,1.0
45944,2020-09-26,2020-10-04,2,2163,6,1793,42846,2846.58,
45951,2020-09-26,2020-10-03,2,1804,7,1080,42909,1500.0,
45962,2020-09-26,2020-10-05,2,2892,18,3712,42885,,2.0
46021,2020-09-28,2020-10-06,3,3346,8,2630,43006,,1.0
46050,2020-09-28,2020-09-30,3,1338,31,3032,42893,,2.0
46144,2020-10-02,2020-10-10,2,35,1,1723,42988,598.0,
46290,2020-10-13,2020-10-21,2,4,20,3752,42778,2807.64,
46310,2020-10-10,2020-10-14,2,644,10,2779,42958,3763.0,
46852,2020-11-03,2020-11-04,2,72,21,3099,43023,643.0,
47000,2020-11-11,2020-11-20,2,1719,23,3876,42773,,1.0
47100,2020-11-17,2020-11-27,2,2214,2,1960,42823,904.42,
47221,2020-11-19,2020-11-24,2,2948,8,1370,42903,269.0,
47229,2020-11-19,2020-11-27,2,3035,10,2557,43027,,2.0
47334,2020-11-20,2020-11-28,2,2003,7,1354,43008,389.0,
47401,2020-11-21,2020-11-23,2,2687,9,2988,42791,,3.0
47526,2020-11-27,2020-12-06,1,1824,5,1310,42791,,2.0
47530,2020-11-27,2020-11-30,2,656,12,2869,43018,,1.0
47557,2020-11-28,2020-12-05,2,2058,4,1574,42863,398.0,
47564,2020-11-28,2020-12-07,1,3351,17,3681,42822,816.86,
47567,2020-11-28,2020-12-04,2,455,20,3141,42914,,2.0
47677,2020-12-02,2020-12-06,2,2799,13,1516,42961,2867.0,
47705,2020-12-02,2020-12-09,2,1288,20,3752,42924,,2.0
47854,2020-12-05,2020-12-09,2,779,30,3346,42770,3597.22,
48042,2020-12-12,2020-12-16,2,948,22,3071,43000,,2.0
48134,2020-12-17,2020-12-26,2,933,1,1675,42918,789.0,
48139,2020-12-17,2020-12-19,2,946,7,1369,43037,1137.0,
48160,2020-12-19,2020-12-21,2,2903,6,1962,42973,,2.0
48171,2020-12-21,2020-12-27,2,962,13,1330,43036,744.0,
48191,2020-12-26,2021-01-03,2,3346,11,2467,42764,,3.0
48205,2020-12-28,2021-01-02,2,1488,7,1080,42933,1154.0,
48220,2020-12-29,2021-01-02,2,2720,16,1922,42890,515.0,
48222,2020-12-29,2021-01-01,2,176,9,2212,42790,762.96,
